Truncate table DW.CONTROL.SOURCESYSTEM;

--- Metadata for SOURCESYSTEM GRS_NO

----SOURCE DETAILS TO BE UPDATED AS  PER ENVIRONMENT
Insert into DW.CONTROL.SOURCESYSTEM(SOURCESYSTEMID	,SOURCESYSTEMNAME,	SOURCEHOSTNAME	,SOURCEDATABASENAME,	SOURCEPORTNUMBER,	SOURCECONNECTIONSTRING,	SOURCEUSERID,	SOURCEPASSWORD,	SOURCECATALOGQUERY,	SOURCETIMEZONE,	STAGEDATABASENAME,	ODSDATABASENAME,	ACTIVEFLAG,	DBMS,	BACKUPSCHEMANAME, EKEY,	PASSPHARSE) Values (1,'GRS_NO','10.163.34.34','GRS_NO','1433','','seu_dwloader','GRS NO-bob','select s.name as TABLE_SCHEMA, o.name as TABLE_NAME from sys.all_objects o inner join sys.schemas s on o.schema_id=s.schema_id where s.name = ''dbo''  and o.type in (''U'');','','STG_GRS_NO','ODS_GRS_NO','TRUE','SQL SERVER','','RdMLv7tU','1029');

Insert into DW.CONTROL.SOURCESYSTEM(SOURCESYSTEMID	,SOURCESYSTEMNAME,	SOURCEHOSTNAME	,SOURCEDATABASENAME,	SOURCEPORTNUMBER,	SOURCECONNECTIONSTRING,	SOURCEUSERID,	SOURCEPASSWORD,	SOURCECATALOGQUERY,	SOURCETIMEZONE,	STAGEDATABASENAME,	ODSDATABASENAME,	ACTIVEFLAG,	DBMS,	BACKUPSCHEMANAME, EKEY,	PASSPHARSE) Values (2,'GRS_NO','10.163.34.34','GCS_EXPORT_ERP_NO','1433','','seu_dwloader','GRS NO-bob','select s.name as TABLE_SCHEMA, o.name as TABLE_NAME from sys.all_objects o inner join sys.schemas s on o.schema_id=s.schema_id where s.name = ''dbo''  and o.type in (''U'');','','STG_GRS_NO','ODS_GRS_NO','TRUE','SQL SERVER','','RdMLv7tU','1029');

Truncate table DW.CONTROL.LOADPROCESS;
--- Metadata for LOADPROCESS GRS_NO
Insert into DW.CONTROL.LOADPROCESS (SOURCESYSTEMID,SOURCESCHEMANAME,SOURCETABLENAME,STAGESCHEMANAME,STAGETABLENAME,ODSSCHEMANAME,ODSTABLENAME,STAGETYPE,LOADTYPE,ACTIVEFLAG,WATERMARKCOLUMNNAME,WATERMARKDATATYPE,WATERMARKLASTVALUE,LASTSTAGEDATETIME,LASTLOADDATETIME,ODS_PK,NRTFLAG, ISRESTRICTED,	RESTRICTEDCOLUMNNAME,	RESTRICTEDTABLENAME) Values (1,'DBO','ALARM_CODES','DBO','ALARM_CODES','DBO','ALARM_CODES','INCREMENTAL','UPSERT','TRUE','CHANGE_DATE','DATETIME','1800-01-01 00:00:00','2020-08-01 00:12:22.000 +0200','2020-08-01 00:12:22.000 +0200','','FALSE','TRUE','','');
Insert into DW.CONTROL.LOADPROCESS (SOURCESYSTEMID,SOURCESCHEMANAME,SOURCETABLENAME,STAGESCHEMANAME,STAGETABLENAME,ODSSCHEMANAME,ODSTABLENAME,STAGETYPE,LOADTYPE,ACTIVEFLAG,WATERMARKCOLUMNNAME,WATERMARKDATATYPE,WATERMARKLASTVALUE,LASTSTAGEDATETIME,LASTLOADDATETIME,ODS_PK,NRTFLAG, ISRESTRICTED,	RESTRICTEDCOLUMNNAME,	RESTRICTEDTABLENAME) Values (1,'DBO','ALARM_GROUP','DBO','ALARM_GROUP','DBO','ALARM_GROUP','INCREMENTAL','UPSERT','TRUE','CHANGE_DATE','DATETIME','1800-01-01 00:00:00','2020-08-01 00:12:22.000 +0201','2020-08-01 00:12:22.000 +0201','','FALSE','FALSE','','');
Insert into DW.CONTROL.LOADPROCESS (SOURCESYSTEMID,SOURCESCHEMANAME,SOURCETABLENAME,STAGESCHEMANAME,STAGETABLENAME,ODSSCHEMANAME,ODSTABLENAME,STAGETYPE,LOADTYPE,ACTIVEFLAG,WATERMARKCOLUMNNAME,WATERMARKDATATYPE,WATERMARKLASTVALUE,LASTSTAGEDATETIME,LASTLOADDATETIME,ODS_PK,NRTFLAG, ISRESTRICTED,	RESTRICTEDCOLUMNNAME,	RESTRICTEDTABLENAME) Values (1,'DBO','ASSIGNMENT_TYPE','DBO','ASSIGNMENT_TYPE','DBO','ASSIGNMENT_TYPE','INCREMENTAL','UPSERT','TRUE','CHANGE_DATE','DATETIME','1800-01-01 00:00:00','2020-08-01 00:12:22.000 +0202','2020-08-01 00:12:22.000 +0202','','FALSE','FALSE','','');
Insert into DW.CONTROL.LOADPROCESS (SOURCESYSTEMID,SOURCESCHEMANAME,SOURCETABLENAME,STAGESCHEMANAME,STAGETABLENAME,ODSSCHEMANAME,ODSTABLENAME,STAGETYPE,LOADTYPE,ACTIVEFLAG,WATERMARKCOLUMNNAME,WATERMARKDATATYPE,WATERMARKLASTVALUE,LASTSTAGEDATETIME,LASTLOADDATETIME,ODS_PK,NRTFLAG, ISRESTRICTED,	RESTRICTEDCOLUMNNAME,	RESTRICTEDTABLENAME) Values (1,'DBO','COMMITMENT','DBO','COMMITMENT','DBO','COMMITMENT','INCREMENTAL','UPSERT','TRUE','CHANGE_DATE','DATETIME','1800-01-01 00:00:00','2020-08-01 00:12:22.000 +0203','2020-08-01 00:12:22.000 +0203','','FALSE','FALSE','','');
Insert into DW.CONTROL.LOADPROCESS (SOURCESYSTEMID,SOURCESCHEMANAME,SOURCETABLENAME,STAGESCHEMANAME,STAGETABLENAME,ODSSCHEMANAME,ODSTABLENAME,STAGETYPE,LOADTYPE,ACTIVEFLAG,WATERMARKCOLUMNNAME,WATERMARKDATATYPE,WATERMARKLASTVALUE,LASTSTAGEDATETIME,LASTLOADDATETIME,ODS_PK,NRTFLAG, ISRESTRICTED,	RESTRICTEDCOLUMNNAME,	RESTRICTEDTABLENAME) Values (1,'DBO','CONTR_PART_VER','DBO','CONTR_PART_VER','DBO','CONTR_PART_VER','INCREMENTAL','UPSERT','TRUE','CHANGE_DATE','DATETIME','1800-01-01 00:00:00','2020-08-01 00:12:22.000 +0204','2020-08-01 00:12:22.000 +0204','','FALSE','FALSE','','');
Insert into DW.CONTROL.LOADPROCESS (SOURCESYSTEMID,SOURCESCHEMANAME,SOURCETABLENAME,STAGESCHEMANAME,STAGETABLENAME,ODSSCHEMANAME,ODSTABLENAME,STAGETYPE,LOADTYPE,ACTIVEFLAG,WATERMARKCOLUMNNAME,WATERMARKDATATYPE,WATERMARKLASTVALUE,LASTSTAGEDATETIME,LASTLOADDATETIME,ODS_PK,NRTFLAG, ISRESTRICTED,	RESTRICTEDCOLUMNNAME,	RESTRICTEDTABLENAME) Values (1,'DBO','CONTRACT_PART','DBO','CONTRACT_PART','DBO','CONTRACT_PART','INCREMENTAL','UPSERT','TRUE','CHANGE_DATE','DATETIME','1800-01-01 00:00:00','2020-08-01 00:12:22.000 +0205','2020-08-01 00:12:22.000 +0205','','FALSE','FALSE','','');
Insert into DW.CONTROL.LOADPROCESS (SOURCESYSTEMID,SOURCESCHEMANAME,SOURCETABLENAME,STAGESCHEMANAME,STAGETABLENAME,ODSSCHEMANAME,ODSTABLENAME,STAGETYPE,LOADTYPE,ACTIVEFLAG,WATERMARKCOLUMNNAME,WATERMARKDATATYPE,WATERMARKLASTVALUE,LASTSTAGEDATETIME,LASTLOADDATETIME,ODS_PK,NRTFLAG, ISRESTRICTED,	RESTRICTEDCOLUMNNAME,	RESTRICTEDTABLENAME) Values (1,'DBO','CONTRACT_TYPE','DBO','CONTRACT_TYPE','DBO','CONTRACT_TYPE','INCREMENTAL','UPSERT','TRUE','CHANGE_DATE','DATETIME','1800-01-01 00:00:00','2020-08-01 00:12:22.000 +0206','2020-08-01 00:12:22.000 +0206','','FALSE','FALSE','','');
Insert into DW.CONTROL.LOADPROCESS (SOURCESYSTEMID,SOURCESCHEMANAME,SOURCETABLENAME,STAGESCHEMANAME,STAGETABLENAME,ODSSCHEMANAME,ODSTABLENAME,STAGETYPE,LOADTYPE,ACTIVEFLAG,WATERMARKCOLUMNNAME,WATERMARKDATATYPE,WATERMARKLASTVALUE,LASTSTAGEDATETIME,LASTLOADDATETIME,ODS_PK,NRTFLAG, ISRESTRICTED,	RESTRICTEDCOLUMNNAME,	RESTRICTEDTABLENAME) Values (1,'DBO','CONTRACT','DBO','CONTRACT','DBO','CONTRACT','INCREMENTAL','UPSERT','TRUE','CHANGE_DATE','DATETIME','1800-01-01 00:00:00','2020-08-01 00:12:22.000 +0207','2020-08-01 00:12:22.000 +0207','','FALSE','FALSE','','');
Insert into DW.CONTROL.LOADPROCESS (SOURCESYSTEMID,SOURCESCHEMANAME,SOURCETABLENAME,STAGESCHEMANAME,STAGETABLENAME,ODSSCHEMANAME,ODSTABLENAME,STAGETYPE,LOADTYPE,ACTIVEFLAG,WATERMARKCOLUMNNAME,WATERMARKDATATYPE,WATERMARKLASTVALUE,LASTSTAGEDATETIME,LASTLOADDATETIME,ODS_PK,NRTFLAG, ISRESTRICTED,	RESTRICTEDCOLUMNNAME,	RESTRICTEDTABLENAME) Values (1,'DBO','CUST_CUST_OBJECT','DBO','CUST_CUST_OBJECT','DBO','CUST_CUST_OBJECT','INCREMENTAL','UPSERT','TRUE','CHANGE_DATE','DATETIME','1800-01-01 00:00:00','2020-08-01 00:12:22.000 +0208','2020-08-01 00:12:22.000 +0208','','FALSE','FALSE','','');
Insert into DW.CONTROL.LOADPROCESS (SOURCESYSTEMID,SOURCESCHEMANAME,SOURCETABLENAME,STAGESCHEMANAME,STAGETABLENAME,ODSSCHEMANAME,ODSTABLENAME,STAGETYPE,LOADTYPE,ACTIVEFLAG,WATERMARKCOLUMNNAME,WATERMARKDATATYPE,WATERMARKLASTVALUE,LASTSTAGEDATETIME,LASTLOADDATETIME,ODS_PK,NRTFLAG, ISRESTRICTED,	RESTRICTEDCOLUMNNAME,	RESTRICTEDTABLENAME) Values (1,'DBO','CUSTOMER_OBJECT','DBO','CUSTOMER_OBJECT','DBO','CUSTOMER_OBJECT','INCREMENTAL','UPSERT','TRUE','CHANGE_DATE','DATETIME','1800-01-01 00:00:00','2020-08-01 00:12:22.000 +0209','2020-08-01 00:12:22.000 +0209','','FALSE','FALSE','','');
Insert into DW.CONTROL.LOADPROCESS (SOURCESYSTEMID,SOURCESCHEMANAME,SOURCETABLENAME,STAGESCHEMANAME,STAGETABLENAME,ODSSCHEMANAME,ODSTABLENAME,STAGETYPE,LOADTYPE,ACTIVEFLAG,WATERMARKCOLUMNNAME,WATERMARKDATATYPE,WATERMARKLASTVALUE,LASTSTAGEDATETIME,LASTLOADDATETIME,ODS_PK,NRTFLAG, ISRESTRICTED,	RESTRICTEDCOLUMNNAME,	RESTRICTEDTABLENAME) Values (1,'DBO','CUSTOMER','DBO','CUSTOMER','DBO','CUSTOMER','INCREMENTAL','UPSERT','TRUE','CHANGE_DATE','DATETIME','1800-01-01 00:00:00','2020-08-01 00:12:22.000 +0210','2020-08-01 00:12:22.000 +0210','','FALSE','FALSE','CUSTOMER_ID','CUSTOMER_RESTRICTED_DATA');
Insert into DW.CONTROL.LOADPROCESS (SOURCESYSTEMID,SOURCESCHEMANAME,SOURCETABLENAME,STAGESCHEMANAME,STAGETABLENAME,ODSSCHEMANAME,ODSTABLENAME,STAGETYPE,LOADTYPE,ACTIVEFLAG,WATERMARKCOLUMNNAME,WATERMARKDATATYPE,WATERMARKLASTVALUE,LASTSTAGEDATETIME,LASTLOADDATETIME,ODS_PK,NRTFLAG, ISRESTRICTED,	RESTRICTEDCOLUMNNAME,	RESTRICTEDTABLENAME) Values (1,'DBO','GD','DBO','GD','DBO','GD','INCREMENTAL','UPSERT','TRUE','CHANGE_DATE','DATETIME','1800-01-01 00:00:00','2020-08-01 00:12:22.000 +0211','2020-08-01 00:12:22.000 +0211','','FALSE','FALSE','','');
Insert into DW.CONTROL.LOADPROCESS (SOURCESYSTEMID,SOURCESCHEMANAME,SOURCETABLENAME,STAGESCHEMANAME,STAGETABLENAME,ODSSCHEMANAME,ODSTABLENAME,STAGETYPE,LOADTYPE,ACTIVEFLAG,WATERMARKCOLUMNNAME,WATERMARKDATATYPE,WATERMARKLASTVALUE,LASTSTAGEDATETIME,LASTLOADDATETIME,ODS_PK,NRTFLAG, ISRESTRICTED,	RESTRICTEDCOLUMNNAME,	RESTRICTEDTABLENAME) Values (1,'DBO','LOCATION_MARK','DBO','LOCATION_MARK','DBO','LOCATION_MARK','INCREMENTAL','UPSERT','TRUE','CHANGE_DATE','DATETIME','1800-01-01 00:00:00','2020-08-01 00:12:22.000 +0212','2020-08-01 00:12:22.000 +0212','','FALSE','FALSE','','');
Insert into DW.CONTROL.LOADPROCESS (SOURCESYSTEMID,SOURCESCHEMANAME,SOURCETABLENAME,STAGESCHEMANAME,STAGETABLENAME,ODSSCHEMANAME,ODSTABLENAME,STAGETYPE,LOADTYPE,ACTIVEFLAG,WATERMARKCOLUMNNAME,WATERMARKDATATYPE,WATERMARKLASTVALUE,LASTSTAGEDATETIME,LASTLOADDATETIME,ODS_PK,NRTFLAG, ISRESTRICTED,	RESTRICTEDCOLUMNNAME,	RESTRICTEDTABLENAME) Values (1,'DBO','LOCATION_OBJECT','DBO','LOCATION_OBJECT','DBO','LOCATION_OBJECT','INCREMENTAL','UPSERT','TRUE','CHANGE_DATE','DATETIME','1800-01-01 00:00:00','2020-08-01 00:12:22.000 +0213','2020-08-01 00:12:22.000 +0213','','FALSE','FALSE','','');
Insert into DW.CONTROL.LOADPROCESS (SOURCESYSTEMID,SOURCESCHEMANAME,SOURCETABLENAME,STAGESCHEMANAME,STAGETABLENAME,ODSSCHEMANAME,ODSTABLENAME,STAGETYPE,LOADTYPE,ACTIVEFLAG,WATERMARKCOLUMNNAME,WATERMARKDATATYPE,WATERMARKLASTVALUE,LASTSTAGEDATETIME,LASTLOADDATETIME,ODS_PK,NRTFLAG, ISRESTRICTED,	RESTRICTEDCOLUMNNAME,	RESTRICTEDTABLENAME) Values (1,'DBO','PRODUCTION_OBJECT','DBO','PRODUCTION_OBJECT','DBO','PRODUCTION_OBJECT','INCREMENTAL','UPSERT','TRUE','CHANGE_DATE','DATETIME','1800-01-01 00:00:00','2020-08-01 00:12:22.000 +0214','2020-08-01 00:12:22.000 +0214','','FALSE','FALSE','','');
Insert into DW.CONTROL.LOADPROCESS (SOURCESYSTEMID,SOURCESCHEMANAME,SOURCETABLENAME,STAGESCHEMANAME,STAGETABLENAME,ODSSCHEMANAME,ODSTABLENAME,STAGETYPE,LOADTYPE,ACTIVEFLAG,WATERMARKCOLUMNNAME,WATERMARKDATATYPE,WATERMARKLASTVALUE,LASTSTAGEDATETIME,LASTLOADDATETIME,ODS_PK,NRTFLAG, ISRESTRICTED,	RESTRICTEDCOLUMNNAME,	RESTRICTEDTABLENAME) Values (1,'DBO','PROFITCENTER','DBO','PROFITCENTER','DBO','PROFITCENTER','INCREMENTAL','UPSERT','TRUE','CHANGE_DATE','DATETIME','1800-01-01 00:00:00','2020-08-01 00:12:22.000 +0215','2020-08-01 00:12:22.000 +0215','','FALSE','FALSE','','');
Insert into DW.CONTROL.LOADPROCESS (SOURCESYSTEMID,SOURCESCHEMANAME,SOURCETABLENAME,STAGESCHEMANAME,STAGETABLENAME,ODSSCHEMANAME,ODSTABLENAME,STAGETYPE,LOADTYPE,ACTIVEFLAG,WATERMARKCOLUMNNAME,WATERMARKDATATYPE,WATERMARKLASTVALUE,LASTSTAGEDATETIME,LASTLOADDATETIME,ODS_PK,NRTFLAG, ISRESTRICTED,	RESTRICTEDCOLUMNNAME,	RESTRICTEDTABLENAME) Values (1,'DBO','REPORT_MARK','DBO','REPORT_MARK','DBO','REPORT_MARK','INCREMENTAL','UPSERT','TRUE','CHANGE_DATE','DATETIME','1800-01-01 00:00:00','2020-08-01 00:12:22.000 +0216','2020-08-01 00:12:22.000 +0216','','FALSE','FALSE','','');
Insert into DW.CONTROL.LOADPROCESS (SOURCESYSTEMID,SOURCESCHEMANAME,SOURCETABLENAME,STAGESCHEMANAME,STAGETABLENAME,ODSSCHEMANAME,ODSTABLENAME,STAGETYPE,LOADTYPE,ACTIVEFLAG,WATERMARKCOLUMNNAME,WATERMARKDATATYPE,WATERMARKLASTVALUE,LASTSTAGEDATETIME,LASTLOADDATETIME,ODS_PK,NRTFLAG, ISRESTRICTED,	RESTRICTEDCOLUMNNAME,	RESTRICTEDTABLENAME) Values (1,'DBO','TEMP_TRANSACTIONS','DBO','TEMP_TRANSACTIONS','DBO','TEMP_TRANSACTIONS','INCREMENTAL','APPEND','TRUE','CHANGE_DATE','DATETIME','1800-01-01 00:00:00','2020-08-01 00:12:22.000 +0217','2020-08-01 00:12:22.000 +0217','','FALSE','FALSE','','');
Insert into DW.CONTROL.LOADPROCESS (SOURCESYSTEMID,SOURCESCHEMANAME,SOURCETABLENAME,STAGESCHEMANAME,STAGETABLENAME,ODSSCHEMANAME,ODSTABLENAME,STAGETYPE,LOADTYPE,ACTIVEFLAG,WATERMARKCOLUMNNAME,WATERMARKDATATYPE,WATERMARKLASTVALUE,LASTSTAGEDATETIME,LASTLOADDATETIME,ODS_PK,NRTFLAG, ISRESTRICTED,	RESTRICTEDCOLUMNNAME,	RESTRICTEDTABLENAME) Values (1,'DBO','PROCESSED_TRANSACTIONS','DBO','PROCESSED_TRANSACTIONS','DBO','PROCESSED_TRANSACTIONS','INCREMENTAL','APPEND','TRUE','CHANGE_DATE','DATETIME','1800-01-01 00:00:00','2020-08-01 00:12:22.000 +0218','2020-08-01 00:12:22.000 +0218','','FALSE','FALSE','','');
Insert into DW.CONTROL.LOADPROCESS (SOURCESYSTEMID,SOURCESCHEMANAME,SOURCETABLENAME,STAGESCHEMANAME,STAGETABLENAME,ODSSCHEMANAME,ODSTABLENAME,STAGETYPE,LOADTYPE,ACTIVEFLAG,WATERMARKCOLUMNNAME,WATERMARKDATATYPE,WATERMARKLASTVALUE,LASTSTAGEDATETIME,LASTLOADDATETIME,ODS_PK,NRTFLAG, ISRESTRICTED,	RESTRICTEDCOLUMNNAME,	RESTRICTEDTABLENAME) Values (2,'DBO','GRS_ADDONINFO','DBO','GRS_ADDONINFO','DBO','GRS_ADDONINFO','INCREMENTAL','UPSERT','TRUE','CHANGE_DATE','DATETIME','1800-01-01 00:00:00','2020-08-01 00:12:22.000 +0219','2020-08-01 00:12:22.000 +0219','','FALSE','FALSE','','');
Insert into DW.CONTROL.LOADPROCESS (SOURCESYSTEMID,SOURCESCHEMANAME,SOURCETABLENAME,STAGESCHEMANAME,STAGETABLENAME,ODSSCHEMANAME,ODSTABLENAME,STAGETYPE,LOADTYPE,ACTIVEFLAG,WATERMARKCOLUMNNAME,WATERMARKDATATYPE,WATERMARKLASTVALUE,LASTSTAGEDATETIME,LASTLOADDATETIME,ODS_PK,NRTFLAG, ISRESTRICTED,	RESTRICTEDCOLUMNNAME,	RESTRICTEDTABLENAME) Values (2,'DBO','GCS_EXPORT_ERP_CALL_OUTS','DBO','GCS_EXPORT_ERP_CALL_OUTS','DBO','GCS_EXPORT_ERP_CALL_OUTS','FULL LOAD','OVERWRITE','TRUE','CHANGE_DATE','DATETIME','1800-01-01 00:00:00','2020-08-01 00:12:22.000 +0220','2020-08-01 00:12:22.000 +0220','','FALSE','FALSE','','');
Insert into DW.CONTROL.LOADPROCESS (SOURCESYSTEMID,SOURCESCHEMANAME,SOURCETABLENAME,STAGESCHEMANAME,STAGETABLENAME,ODSSCHEMANAME,ODSTABLENAME,STAGETYPE,LOADTYPE,ACTIVEFLAG,WATERMARKCOLUMNNAME,WATERMARKDATATYPE,WATERMARKLASTVALUE,LASTSTAGEDATETIME,LASTLOADDATETIME,ODS_PK,NRTFLAG, ISRESTRICTED,	RESTRICTEDCOLUMNNAME,	RESTRICTEDTABLENAME) Values (2,'DBO','GCS_EXPORT_ERP_CALL_OUT_GUARDS','DBO','GCS_EXPORT_ERP_CALL_OUT_GUARDS','DBO','GCS_EXPORT_ERP_CALL_OUT_GUARDS','FULL LOAD','OVERWRITE','TRUE','CHANGE_DATE','DATETIME','1800-01-01 00:00:00','2020-08-01 00:12:22.000 +0221','2020-08-01 00:12:22.000 +0221','','FALSE','FALSE','','');
Insert into DW.CONTROL.LOADPROCESS (SOURCESYSTEMID,SOURCESCHEMANAME,SOURCETABLENAME,STAGESCHEMANAME,STAGETABLENAME,ODSSCHEMANAME,ODSTABLENAME,STAGETYPE,LOADTYPE,ACTIVEFLAG,WATERMARKCOLUMNNAME,WATERMARKDATATYPE,WATERMARKLASTVALUE,LASTSTAGEDATETIME,LASTLOADDATETIME,ODS_PK,NRTFLAG, ISRESTRICTED,   RESTRICTEDCOLUMNNAME, RESTRICTEDTABLENAME) Values (1,'DBO','XREPORT_MARK','DBO','XREPORT_MARK','DBO','XREPORT_MARK','INCREMENTAL','APPEND','TRUE','CHANGE_DATE','DATETIME','1800-01-01 00:00:00','2020-08-01 00:12:22.000 +0216','2020-08-01 00:12:22.000 +0216','','FALSE','FALSE','','');
Insert into DW.CONTROL.LOADPROCESS (SOURCESYSTEMID,SOURCESCHEMANAME,SOURCETABLENAME,STAGESCHEMANAME,STAGETABLENAME,ODSSCHEMANAME,ODSTABLENAME,STAGETYPE,LOADTYPE,ACTIVEFLAG,WATERMARKCOLUMNNAME,WATERMARKDATATYPE,WATERMARKLASTVALUE,LASTSTAGEDATETIME,LASTLOADDATETIME,ODS_PK,NRTFLAG, ISRESTRICTED,   RESTRICTEDCOLUMNNAME, RESTRICTEDTABLENAME) Values (1,'DBO','XPROCESSED_BARCODES','DBO','XPROCESSED_BARCODES','DBO','XPROCESSED_BARCODES','INCREMENTAL','APPEND','TRUE','CHANGE_DATE','DATETIME','1800-01-01 00:00:00','2020-08-01 00:12:22.000 +0217','2020-08-01 00:12:22.000 +0217','','FALSE','FALSE','','');
Insert into DW.CONTROL.LOADPROCESS (SOURCESYSTEMID,SOURCESCHEMANAME,SOURCETABLENAME,STAGESCHEMANAME,STAGETABLENAME,ODSSCHEMANAME,ODSTABLENAME,STAGETYPE,LOADTYPE,ACTIVEFLAG,WATERMARKCOLUMNNAME,WATERMARKDATATYPE,WATERMARKLASTVALUE,LASTSTAGEDATETIME,LASTLOADDATETIME,ODS_PK,NRTFLAG, ISRESTRICTED,   RESTRICTEDCOLUMNNAME, RESTRICTEDTABLENAME) Values (1,'DBO','XPROCESSED_TRANSACTIONS','DBO','XPROCESSED_TRANSACTIONS','DBO','XPROCESSED_TRANSACTIONS','INCREMENTAL','APPEND','TRUE','CHANGE_DATE','DATETIME','1800-01-01 00:00:00','2020-08-01 00:12:22.000 +0218','2020-08-01 00:12:22.000 +0218','','FALSE','FALSE','','');


-----changes for psuedonmymize------------------------
                

UPDATE "DW"."CONTROL"."LOADPROCESS"  SET SOURCE_SQL ='select * from ';

UPDATE "DW"."CONTROL"."LOADPROCESS" SET SOURCE_SQL ='select *,ASSIGNMENTGEOLOCATION.Lat AS GEO_LAT,ASSIGNMENTGEOLOCATION.Long AS GEO_LONG from '
WHERE STAGETABLENAME ='CUSTOMER_OBJECT';

commit;
--------------------------------------------------------

----Changes for casade delete for restricted customer ------
Update  "DW"."CONTROL"."LOADPROCESS" SET ISRESTRICTED = 'FALSE';

Update  "DW"."CONTROL"."LOADPROCESS" SET ISRESTRICTED = 'TRUE', RESTRICTEDCOLUMNNAME = 'CUST_OBJ_ID', 
RESTRICTEDTABLENAME = 'CUSTOMER_RESTRICTED_DATA',
RESTRICTEDTABLE_RANK = 6,
EXPRESSIONS = 'SELECT CUST_OBJ_ID from ODS_GRS_NO.DBO.CUSTOMER_RESTRICTED_DATA a,STG_GRS_NO.DBO.CUST_CUST_OBJECT b where  b.CUSTOMER_ID =a.CUSTOMER_ID '                                                             
WHERE ODSTABLENAME = 'CUSTOMER_OBJECT';																 


Update  "DW"."CONTROL"."LOADPROCESS" SET ISRESTRICTED = 'TRUE', RESTRICTEDCOLUMNNAME = 'CUSTOMER_ID', 
RESTRICTEDTABLENAME = 'CUSTOMER_RESTRICTED_DATA',
RESTRICTEDTABLE_RANK = 5,
EXPRESSIONS = 'SELECT CUSTOMER_ID from ODS_GRS_NO.DBO.CUSTOMER_RESTRICTED_DATA '                                                             
WHERE ODSTABLENAME = 'CUST_CUST_OBJECT';

Update  "DW"."CONTROL"."LOADPROCESS" SET ISRESTRICTED = 'TRUE', RESTRICTEDCOLUMNNAME = 'CONTRACT_ID', 
RESTRICTEDTABLENAME = 'CUSTOMER_RESTRICTED_DATA',
RESTRICTEDTABLE_RANK = 4,
EXPRESSIONS = 'SELECT CONTRACT_ID from ODS_GRS_NO.DBO.CUSTOMER_RESTRICTED_DATA a, STG_GRS_NO.DBO.CONTRACT b where  b.CUSTOMER_ID =a.CUSTOMER_ID '                                                             
WHERE ODSTABLENAME = 'CONTRACT_PART';


Update  "DW"."CONTROL"."LOADPROCESS" SET ISRESTRICTED = 'TRUE', RESTRICTEDCOLUMNNAME = 'CONTRACT_ID', 
RESTRICTEDTABLENAME = 'CUSTOMER_RESTRICTED_DATA',
RESTRICTEDTABLE_RANK = 3,
EXPRESSIONS = 'SELECT CONTRACT_ID from ODS_GRS_NO.DBO.CUSTOMER_RESTRICTED_DATA a, STG_GRS_NO.DBO.CONTRACT b where  b.CUSTOMER_ID =a.CUSTOMER_ID '                                                             
WHERE ODSTABLENAME = 'CONTR_PART_VER';	


Update  "DW"."CONTROL"."LOADPROCESS" SET ISRESTRICTED = 'TRUE', RESTRICTEDCOLUMNNAME = 'CUSTOMER_ID', 
RESTRICTEDTABLENAME = 'CUSTOMER_RESTRICTED_DATA',
RESTRICTEDTABLE_RANK = 2,
EXPRESSIONS = 'SELECT CUSTOMER_ID from ODS_GRS_NO.DBO.CUSTOMER_RESTRICTED_DATA '                                                             
WHERE ODSTABLENAME = 'CONTRACT'; 

 Update  "DW"."CONTROL"."LOADPROCESS" SET ISRESTRICTED = 'TRUE', RESTRICTEDCOLUMNNAME = 'CUSTOMER_ID', 
RESTRICTEDTABLENAME = 'CUSTOMER_RESTRICTED_DATA',
RESTRICTEDTABLE_RANK = 1,
EXPRESSIONS = 'SELECT CUSTOMER_ID from ODS_GRS_NO.DBO.CUSTOMER_RESTRICTED_DATA '                                                             
WHERE ODSTABLENAME = 'CUSTOMER';


------------------



COMMIT;

Truncate table DW.CONTROL.COLUMNDETAILS;
--- Metadata for COLUMNDETAILS GRS_NO
Insert into DW.CONTROL.COLUMNDETAILS (SOURCESYSTEMID,STAGEDATABASENAME,STAGESCHEMANAME,STAGETABLENAME,STAGETABLECOLUMN,ODSDATABASENAME,ODSSCHEMANAME,ODSTABLENAME,ODSTABLECOLUMN,ACTIVEFLAG,ISPSEUDONYMISED,EXPRESSIONS,ISPKEY,DATATYP)  Values (1,'STG_GRS_NO','DBO','ALARM_CODES','SHORT_DESCRIPTION','ODS_GRS_NO','DBO','ALARM_CODES','SHORT_DESCRIPTION','TRUE','FALSE','','FALSE','VARCHAR');
Insert into DW.CONTROL.COLUMNDETAILS (SOURCESYSTEMID,STAGEDATABASENAME,STAGESCHEMANAME,STAGETABLENAME,STAGETABLECOLUMN,ODSDATABASENAME,ODSSCHEMANAME,ODSTABLENAME,ODSTABLECOLUMN,ACTIVEFLAG,ISPSEUDONYMISED,EXPRESSIONS,ISPKEY,DATATYP)  Values (1,'STG_GRS_NO','DBO','ALARM_CODES','DESCRIPTION','ODS_GRS_NO','DBO','ALARM_CODES','DESCRIPTION','TRUE','FALSE','','FALSE','VARCHAR');
Insert into DW.CONTROL.COLUMNDETAILS (SOURCESYSTEMID,STAGEDATABASENAME,STAGESCHEMANAME,STAGETABLENAME,STAGETABLECOLUMN,ODSDATABASENAME,ODSSCHEMANAME,ODSTABLENAME,ODSTABLECOLUMN,ACTIVEFLAG,ISPSEUDONYMISED,EXPRESSIONS,ISPKEY,DATATYP)  Values (1,'STG_GRS_NO','DBO','ALARM_CODES','INSERT_DATE','ODS_GRS_NO','DBO','ALARM_CODES','INSERT_DATE','TRUE','FALSE','','FALSE','TIMESTAMP');
Insert into DW.CONTROL.COLUMNDETAILS (SOURCESYSTEMID,STAGEDATABASENAME,STAGESCHEMANAME,STAGETABLENAME,STAGETABLECOLUMN,ODSDATABASENAME,ODSSCHEMANAME,ODSTABLENAME,ODSTABLECOLUMN,ACTIVEFLAG,ISPSEUDONYMISED,EXPRESSIONS,ISPKEY,DATATYP)  Values (1,'STG_GRS_NO','DBO','ALARM_CODES','CHANGE_DATE','ODS_GRS_NO','DBO','ALARM_CODES','CHANGE_DATE','TRUE','FALSE','','FALSE','TIMESTAMP');
Insert into DW.CONTROL.COLUMNDETAILS (SOURCESYSTEMID,STAGEDATABASENAME,STAGESCHEMANAME,STAGETABLENAME,STAGETABLECOLUMN,ODSDATABASENAME,ODSSCHEMANAME,ODSTABLENAME,ODSTABLECOLUMN,ACTIVEFLAG,ISPSEUDONYMISED,EXPRESSIONS,ISPKEY,DATATYP)  Values (1,'STG_GRS_NO','DBO','ALARM_GROUP','DESCRIPTION','ODS_GRS_NO','DBO','ALARM_GROUP','DESCRIPTION','TRUE','FALSE','','FALSE','VARCHAR');
Insert into DW.CONTROL.COLUMNDETAILS (SOURCESYSTEMID,STAGEDATABASENAME,STAGESCHEMANAME,STAGETABLENAME,STAGETABLECOLUMN,ODSDATABASENAME,ODSSCHEMANAME,ODSTABLENAME,ODSTABLECOLUMN,ACTIVEFLAG,ISPSEUDONYMISED,EXPRESSIONS,ISPKEY,DATATYP)  Values (1,'STG_GRS_NO','DBO','ALARM_GROUP','INSERT_DATE','ODS_GRS_NO','DBO','ALARM_GROUP','INSERT_DATE','TRUE','FALSE','','FALSE','TIMESTAMP');
Insert into DW.CONTROL.COLUMNDETAILS (SOURCESYSTEMID,STAGEDATABASENAME,STAGESCHEMANAME,STAGETABLENAME,STAGETABLECOLUMN,ODSDATABASENAME,ODSSCHEMANAME,ODSTABLENAME,ODSTABLECOLUMN,ACTIVEFLAG,ISPSEUDONYMISED,EXPRESSIONS,ISPKEY,DATATYP)  Values (1,'STG_GRS_NO','DBO','ALARM_GROUP','CHANGE_DATE','ODS_GRS_NO','DBO','ALARM_GROUP','CHANGE_DATE','TRUE','FALSE','','FALSE','TIMESTAMP');
Insert into DW.CONTROL.COLUMNDETAILS (SOURCESYSTEMID,STAGEDATABASENAME,STAGESCHEMANAME,STAGETABLENAME,STAGETABLECOLUMN,ODSDATABASENAME,ODSSCHEMANAME,ODSTABLENAME,ODSTABLECOLUMN,ACTIVEFLAG,ISPSEUDONYMISED,EXPRESSIONS,ISPKEY,DATATYP)  Values (1,'STG_GRS_NO','DBO','ASSIGNMENT_TYPE','DESCRIPTION','ODS_GRS_NO','DBO','ASSIGNMENT_TYPE','DESCRIPTION','TRUE','FALSE','','FALSE','VARCHAR');
Insert into DW.CONTROL.COLUMNDETAILS (SOURCESYSTEMID,STAGEDATABASENAME,STAGESCHEMANAME,STAGETABLENAME,STAGETABLECOLUMN,ODSDATABASENAME,ODSSCHEMANAME,ODSTABLENAME,ODSTABLECOLUMN,ACTIVEFLAG,ISPSEUDONYMISED,EXPRESSIONS,ISPKEY,DATATYP)  Values (1,'STG_GRS_NO','DBO','ASSIGNMENT_TYPE','INSERT_DATE','ODS_GRS_NO','DBO','ASSIGNMENT_TYPE','INSERT_DATE','TRUE','FALSE','','FALSE','TIMESTAMP');
Insert into DW.CONTROL.COLUMNDETAILS (SOURCESYSTEMID,STAGEDATABASENAME,STAGESCHEMANAME,STAGETABLENAME,STAGETABLECOLUMN,ODSDATABASENAME,ODSSCHEMANAME,ODSTABLENAME,ODSTABLECOLUMN,ACTIVEFLAG,ISPSEUDONYMISED,EXPRESSIONS,ISPKEY,DATATYP)  Values (1,'STG_GRS_NO','DBO','ASSIGNMENT_TYPE','CHANGE_DATE','ODS_GRS_NO','DBO','ASSIGNMENT_TYPE','CHANGE_DATE','TRUE','FALSE','','FALSE','TIMESTAMP');
Insert into DW.CONTROL.COLUMNDETAILS (SOURCESYSTEMID,STAGEDATABASENAME,STAGESCHEMANAME,STAGETABLENAME,STAGETABLECOLUMN,ODSDATABASENAME,ODSSCHEMANAME,ODSTABLENAME,ODSTABLECOLUMN,ACTIVEFLAG,ISPSEUDONYMISED,EXPRESSIONS,ISPKEY,DATATYP)  Values (1,'STG_GRS_NO','DBO','COMMITMENT','COMMITMENT_ID','ODS_GRS_NO','DBO','COMMITMENT','COMMITMENT_ID','TRUE','FALSE','','TRUE','NUMBER');
Insert into DW.CONTROL.COLUMNDETAILS (SOURCESYSTEMID,STAGEDATABASENAME,STAGESCHEMANAME,STAGETABLENAME,STAGETABLECOLUMN,ODSDATABASENAME,ODSSCHEMANAME,ODSTABLENAME,ODSTABLECOLUMN,ACTIVEFLAG,ISPSEUDONYMISED,EXPRESSIONS,ISPKEY,DATATYP)  Values (1,'STG_GRS_NO','DBO','COMMITMENT','DESCRIPTION','ODS_GRS_NO','DBO','COMMITMENT','DESCRIPTION','TRUE','FALSE','','FALSE','VARCHAR');
Insert into DW.CONTROL.COLUMNDETAILS (SOURCESYSTEMID,STAGEDATABASENAME,STAGESCHEMANAME,STAGETABLENAME,STAGETABLECOLUMN,ODSDATABASENAME,ODSSCHEMANAME,ODSTABLENAME,ODSTABLECOLUMN,ACTIVEFLAG,ISPSEUDONYMISED,EXPRESSIONS,ISPKEY,DATATYP)  Values (1,'STG_GRS_NO','DBO','COMMITMENT','INSTRUCTION','ODS_GRS_NO','DBO','COMMITMENT','INSTRUCTION','TRUE','FALSE','','FALSE','VARCHAR');
Insert into DW.CONTROL.COLUMNDETAILS (SOURCESYSTEMID,STAGEDATABASENAME,STAGESCHEMANAME,STAGETABLENAME,STAGETABLECOLUMN,ODSDATABASENAME,ODSSCHEMANAME,ODSTABLENAME,ODSTABLECOLUMN,ACTIVEFLAG,ISPSEUDONYMISED,EXPRESSIONS,ISPKEY,DATATYP)  Values (1,'STG_GRS_NO','DBO','COMMITMENT','DATETO','ODS_GRS_NO','DBO','COMMITMENT','DATETO','TRUE','FALSE','','FALSE','DATE');
Insert into DW.CONTROL.COLUMNDETAILS (SOURCESYSTEMID,STAGEDATABASENAME,STAGESCHEMANAME,STAGETABLENAME,STAGETABLECOLUMN,ODSDATABASENAME,ODSSCHEMANAME,ODSTABLENAME,ODSTABLECOLUMN,ACTIVEFLAG,ISPSEUDONYMISED,EXPRESSIONS,ISPKEY,DATATYP)  Values (1,'STG_GRS_NO','DBO','COMMITMENT','INSERT_DATE','ODS_GRS_NO','DBO','COMMITMENT','INSERT_DATE','TRUE','FALSE','','FALSE','TIMESTAMP');
Insert into DW.CONTROL.COLUMNDETAILS (SOURCESYSTEMID,STAGEDATABASENAME,STAGESCHEMANAME,STAGETABLENAME,STAGETABLECOLUMN,ODSDATABASENAME,ODSSCHEMANAME,ODSTABLENAME,ODSTABLECOLUMN,ACTIVEFLAG,ISPSEUDONYMISED,EXPRESSIONS,ISPKEY,DATATYP)  Values (1,'STG_GRS_NO','DBO','COMMITMENT','CHANGE_DATE','ODS_GRS_NO','DBO','COMMITMENT','CHANGE_DATE','TRUE','FALSE','','FALSE','TIMESTAMP');
Insert into DW.CONTROL.COLUMNDETAILS (SOURCESYSTEMID,STAGEDATABASENAME,STAGESCHEMANAME,STAGETABLENAME,STAGETABLECOLUMN,ODSDATABASENAME,ODSSCHEMANAME,ODSTABLENAME,ODSTABLECOLUMN,ACTIVEFLAG,ISPSEUDONYMISED,EXPRESSIONS,ISPKEY,DATATYP)  Values (1,'STG_GRS_NO','DBO','CONTR_PART_VER','PROFITCENTER_ID','ODS_GRS_NO','DBO','CONTR_PART_VER','PROFITCENTER_ID','TRUE','FALSE','','FALSE','INTEGER');
Insert into DW.CONTROL.COLUMNDETAILS (SOURCESYSTEMID,STAGEDATABASENAME,STAGESCHEMANAME,STAGETABLENAME,STAGETABLECOLUMN,ODSDATABASENAME,ODSSCHEMANAME,ODSTABLENAME,ODSTABLECOLUMN,ACTIVEFLAG,ISPSEUDONYMISED,EXPRESSIONS,ISPKEY,DATATYP)  Values (1,'STG_GRS_NO','DBO','CONTR_PART_VER','CONTRACT_ID','ODS_GRS_NO','DBO','CONTR_PART_VER','CONTRACT_ID','TRUE','FALSE','','TRUE','INTEGER');
Insert into DW.CONTROL.COLUMNDETAILS (SOURCESYSTEMID,STAGEDATABASENAME,STAGESCHEMANAME,STAGETABLENAME,STAGETABLECOLUMN,ODSDATABASENAME,ODSSCHEMANAME,ODSTABLENAME,ODSTABLECOLUMN,ACTIVEFLAG,ISPSEUDONYMISED,EXPRESSIONS,ISPKEY,DATATYP)  Values (1,'STG_GRS_NO','DBO','CONTR_PART_VER','CONTRACT_PART_ID','ODS_GRS_NO','DBO','CONTR_PART_VER','CONTRACT_PART_ID','TRUE','FALSE','','TRUE','INTEGER');
Insert into DW.CONTROL.COLUMNDETAILS (SOURCESYSTEMID,STAGEDATABASENAME,STAGESCHEMANAME,STAGETABLENAME,STAGETABLECOLUMN,ODSDATABASENAME,ODSSCHEMANAME,ODSTABLENAME,ODSTABLECOLUMN,ACTIVEFLAG,ISPSEUDONYMISED,EXPRESSIONS,ISPKEY,DATATYP)  Values (1,'STG_GRS_NO','DBO','CONTR_PART_VER','VERSION_FROM','ODS_GRS_NO','DBO','CONTR_PART_VER','VERSION_FROM','TRUE','FALSE','','TRUE','DATE');
Insert into DW.CONTROL.COLUMNDETAILS (SOURCESYSTEMID,STAGEDATABASENAME,STAGESCHEMANAME,STAGETABLENAME,STAGETABLECOLUMN,ODSDATABASENAME,ODSSCHEMANAME,ODSTABLENAME,ODSTABLECOLUMN,ACTIVEFLAG,ISPSEUDONYMISED,EXPRESSIONS,ISPKEY,DATATYP)  Values (1,'STG_GRS_NO','DBO','CONTR_PART_VER','INSERT_DATE','ODS_GRS_NO','DBO','CONTR_PART_VER','INSERT_DATE','TRUE','FALSE','','FALSE','TIMESTAMP');
Insert into DW.CONTROL.COLUMNDETAILS (SOURCESYSTEMID,STAGEDATABASENAME,STAGESCHEMANAME,STAGETABLENAME,STAGETABLECOLUMN,ODSDATABASENAME,ODSSCHEMANAME,ODSTABLENAME,ODSTABLECOLUMN,ACTIVEFLAG,ISPSEUDONYMISED,EXPRESSIONS,ISPKEY,DATATYP)  Values (1,'STG_GRS_NO','DBO','CONTR_PART_VER','CHANGE_DATE','ODS_GRS_NO','DBO','CONTR_PART_VER','CHANGE_DATE','TRUE','FALSE','','FALSE','TIMESTAMP');
Insert into DW.CONTROL.COLUMNDETAILS (SOURCESYSTEMID,STAGEDATABASENAME,STAGESCHEMANAME,STAGETABLENAME,STAGETABLECOLUMN,ODSDATABASENAME,ODSSCHEMANAME,ODSTABLENAME,ODSTABLECOLUMN,ACTIVEFLAG,ISPSEUDONYMISED,EXPRESSIONS,ISPKEY,DATATYP)  Values (1,'STG_GRS_NO','DBO','CONTRACT','CONTRACT_ID','ODS_GRS_NO','DBO','CONTRACT','CONTRACT_ID','TRUE','FALSE','','TRUE','INTEGER');
Insert into DW.CONTROL.COLUMNDETAILS (SOURCESYSTEMID,STAGEDATABASENAME,STAGESCHEMANAME,STAGETABLENAME,STAGETABLECOLUMN,ODSDATABASENAME,ODSSCHEMANAME,ODSTABLENAME,ODSTABLECOLUMN,ACTIVEFLAG,ISPSEUDONYMISED,EXPRESSIONS,ISPKEY,DATATYP)  Values (1,'STG_GRS_NO','DBO','CONTRACT','CONTRACT_NO','ODS_GRS_NO','DBO','CONTRACT','CONTRACT_NO','TRUE','FALSE','','FALSE','VARCHAR');
Insert into DW.CONTROL.COLUMNDETAILS (SOURCESYSTEMID,STAGEDATABASENAME,STAGESCHEMANAME,STAGETABLENAME,STAGETABLECOLUMN,ODSDATABASENAME,ODSSCHEMANAME,ODSTABLENAME,ODSTABLECOLUMN,ACTIVEFLAG,ISPSEUDONYMISED,EXPRESSIONS,ISPKEY,DATATYP)  Values (1,'STG_GRS_NO','DBO','CONTRACT','CUSTOMER_ID','ODS_GRS_NO','DBO','CONTRACT','CUSTOMER_ID','TRUE','FALSE','','FALSE','INTEGER');
Insert into DW.CONTROL.COLUMNDETAILS (SOURCESYSTEMID,STAGEDATABASENAME,STAGESCHEMANAME,STAGETABLENAME,STAGETABLECOLUMN,ODSDATABASENAME,ODSSCHEMANAME,ODSTABLENAME,ODSTABLECOLUMN,ACTIVEFLAG,ISPSEUDONYMISED,EXPRESSIONS,ISPKEY,DATATYP)  Values (1,'STG_GRS_NO','DBO','CONTRACT','MONTHLY_INC_ALL','ODS_GRS_NO','DBO','CONTRACT','MONTHLY_INC_ALL','TRUE','FALSE','','FALSE','DECIMAL (19,4)');
Insert into DW.CONTROL.COLUMNDETAILS (SOURCESYSTEMID,STAGEDATABASENAME,STAGESCHEMANAME,STAGETABLENAME,STAGETABLECOLUMN,ODSDATABASENAME,ODSSCHEMANAME,ODSTABLENAME,ODSTABLECOLUMN,ACTIVEFLAG,ISPSEUDONYMISED,EXPRESSIONS,ISPKEY,DATATYP)  Values (1,'STG_GRS_NO','DBO','CONTRACT','CONTACT','ODS_GRS_NO','DBO','CONTRACT','CONTACT','TRUE','TRUE','','FALSE','VARCHAR');
Insert into DW.CONTROL.COLUMNDETAILS (SOURCESYSTEMID,STAGEDATABASENAME,STAGESCHEMANAME,STAGETABLENAME,STAGETABLECOLUMN,ODSDATABASENAME,ODSSCHEMANAME,ODSTABLENAME,ODSTABLECOLUMN,ACTIVEFLAG,ISPSEUDONYMISED,EXPRESSIONS,ISPKEY,DATATYP)  Values (1,'STG_GRS_NO','DBO','CONTRACT','INVOICE_LATEST','ODS_GRS_NO','DBO','CONTRACT','INVOICE_LATEST','TRUE','FALSE','','FALSE','DATE');
Insert into DW.CONTROL.COLUMNDETAILS (SOURCESYSTEMID,STAGEDATABASENAME,STAGESCHEMANAME,STAGETABLENAME,STAGETABLECOLUMN,ODSDATABASENAME,ODSSCHEMANAME,ODSTABLENAME,ODSTABLECOLUMN,ACTIVEFLAG,ISPSEUDONYMISED,EXPRESSIONS,ISPKEY,DATATYP)  Values (1,'STG_GRS_NO','DBO','CONTRACT','INVOICED_TO','ODS_GRS_NO','DBO','CONTRACT','INVOICED_TO','TRUE','FALSE','','FALSE','DATE');
Insert into DW.CONTROL.COLUMNDETAILS (SOURCESYSTEMID,STAGEDATABASENAME,STAGESCHEMANAME,STAGETABLENAME,STAGETABLECOLUMN,ODSDATABASENAME,ODSSCHEMANAME,ODSTABLENAME,ODSTABLECOLUMN,ACTIVEFLAG,ISPSEUDONYMISED,EXPRESSIONS,ISPKEY,DATATYP)  Values (1,'STG_GRS_NO','DBO','CONTRACT','VALIDTO','ODS_GRS_NO','DBO','CONTRACT','VALIDTO','TRUE','FALSE','','FALSE','DATE');
Insert into DW.CONTROL.COLUMNDETAILS (SOURCESYSTEMID,STAGEDATABASENAME,STAGESCHEMANAME,STAGETABLENAME,STAGETABLECOLUMN,ODSDATABASENAME,ODSSCHEMANAME,ODSTABLENAME,ODSTABLECOLUMN,ACTIVEFLAG,ISPSEUDONYMISED,EXPRESSIONS,ISPKEY,DATATYP)  Values (1,'STG_GRS_NO','DBO','CONTRACT','INSERT_DATE','ODS_GRS_NO','DBO','CONTRACT','INSERT_DATE','TRUE','FALSE','','FALSE','TIMESTAMP');
Insert into DW.CONTROL.COLUMNDETAILS (SOURCESYSTEMID,STAGEDATABASENAME,STAGESCHEMANAME,STAGETABLENAME,STAGETABLECOLUMN,ODSDATABASENAME,ODSSCHEMANAME,ODSTABLENAME,ODSTABLECOLUMN,ACTIVEFLAG,ISPSEUDONYMISED,EXPRESSIONS,ISPKEY,DATATYP)  Values (1,'STG_GRS_NO','DBO','CONTRACT','CHANGE_DATE','ODS_GRS_NO','DBO','CONTRACT','CHANGE_DATE','TRUE','FALSE','','FALSE','TIMESTAMP');
Insert into DW.CONTROL.COLUMNDETAILS (SOURCESYSTEMID,STAGEDATABASENAME,STAGESCHEMANAME,STAGETABLENAME,STAGETABLECOLUMN,ODSDATABASENAME,ODSSCHEMANAME,ODSTABLENAME,ODSTABLECOLUMN,ACTIVEFLAG,ISPSEUDONYMISED,EXPRESSIONS,ISPKEY,DATATYP)  Values (1,'STG_GRS_NO','DBO','CONTRACT_PART','CONTRACT_PART_ID','ODS_GRS_NO','DBO','CONTRACT_PART','CONTRACT_PART_ID','TRUE','FALSE','','TRUE','INTEGER');
Insert into DW.CONTROL.COLUMNDETAILS (SOURCESYSTEMID,STAGEDATABASENAME,STAGESCHEMANAME,STAGETABLENAME,STAGETABLECOLUMN,ODSDATABASENAME,ODSSCHEMANAME,ODSTABLENAME,ODSTABLECOLUMN,ACTIVEFLAG,ISPSEUDONYMISED,EXPRESSIONS,ISPKEY,DATATYP)  Values (1,'STG_GRS_NO','DBO','CONTRACT_PART','CONTRACT_PART_NO','ODS_GRS_NO','DBO','CONTRACT_PART','CONTRACT_PART_NO','TRUE','FALSE','','FALSE','VARCHAR');
Insert into DW.CONTROL.COLUMNDETAILS (SOURCESYSTEMID,STAGEDATABASENAME,STAGESCHEMANAME,STAGETABLENAME,STAGETABLECOLUMN,ODSDATABASENAME,ODSSCHEMANAME,ODSTABLENAME,ODSTABLECOLUMN,ACTIVEFLAG,ISPSEUDONYMISED,EXPRESSIONS,ISPKEY,DATATYP)  Values (1,'STG_GRS_NO','DBO','CONTRACT_PART','CUST_OBJ_ID','ODS_GRS_NO','DBO','CONTRACT_PART','CUST_OBJ_ID','TRUE','FALSE','','FALSE','INTEGER');
Insert into DW.CONTROL.COLUMNDETAILS (SOURCESYSTEMID,STAGEDATABASENAME,STAGESCHEMANAME,STAGETABLENAME,STAGETABLECOLUMN,ODSDATABASENAME,ODSSCHEMANAME,ODSTABLENAME,ODSTABLECOLUMN,ACTIVEFLAG,ISPSEUDONYMISED,EXPRESSIONS,ISPKEY,DATATYP)  Values (1,'STG_GRS_NO','DBO','CONTRACT_PART','INSERT_DATE','ODS_GRS_NO','DBO','CONTRACT_PART','INSERT_DATE','TRUE','FALSE','','FALSE','TIMESTAMP');
Insert into DW.CONTROL.COLUMNDETAILS (SOURCESYSTEMID,STAGEDATABASENAME,STAGESCHEMANAME,STAGETABLENAME,STAGETABLECOLUMN,ODSDATABASENAME,ODSSCHEMANAME,ODSTABLENAME,ODSTABLECOLUMN,ACTIVEFLAG,ISPSEUDONYMISED,EXPRESSIONS,ISPKEY,DATATYP)  Values (1,'STG_GRS_NO','DBO','CONTRACT_PART','CHANGE_DATE','ODS_GRS_NO','DBO','CONTRACT_PART','CHANGE_DATE','TRUE','FALSE','','FALSE','TIMESTAMP');
Insert into DW.CONTROL.COLUMNDETAILS (SOURCESYSTEMID,STAGEDATABASENAME,STAGESCHEMANAME,STAGETABLENAME,STAGETABLECOLUMN,ODSDATABASENAME,ODSSCHEMANAME,ODSTABLENAME,ODSTABLECOLUMN,ACTIVEFLAG,ISPSEUDONYMISED,EXPRESSIONS,ISPKEY,DATATYP)  Values (1,'STG_GRS_NO','DBO','CONTRACT_TYPE','DESCRIPTION','ODS_GRS_NO','DBO','CONTRACT_TYPE','DESCRIPTION','TRUE','FALSE','','FALSE','VARCHAR');
Insert into DW.CONTROL.COLUMNDETAILS (SOURCESYSTEMID,STAGEDATABASENAME,STAGESCHEMANAME,STAGETABLENAME,STAGETABLECOLUMN,ODSDATABASENAME,ODSSCHEMANAME,ODSTABLENAME,ODSTABLECOLUMN,ACTIVEFLAG,ISPSEUDONYMISED,EXPRESSIONS,ISPKEY,DATATYP)  Values (1,'STG_GRS_NO','DBO','CONTRACT_TYPE','INSERT_DATE','ODS_GRS_NO','DBO','CONTRACT_TYPE','INSERT_DATE','TRUE','FALSE','','FALSE','TIMESTAMP');
Insert into DW.CONTROL.COLUMNDETAILS (SOURCESYSTEMID,STAGEDATABASENAME,STAGESCHEMANAME,STAGETABLENAME,STAGETABLECOLUMN,ODSDATABASENAME,ODSSCHEMANAME,ODSTABLENAME,ODSTABLECOLUMN,ACTIVEFLAG,ISPSEUDONYMISED,EXPRESSIONS,ISPKEY,DATATYP)  Values (1,'STG_GRS_NO','DBO','CONTRACT_TYPE','CHANGE_DATE','ODS_GRS_NO','DBO','CONTRACT_TYPE','CHANGE_DATE','TRUE','FALSE','','FALSE','TIMESTAMP');
Insert into DW.CONTROL.COLUMNDETAILS (SOURCESYSTEMID,STAGEDATABASENAME,STAGESCHEMANAME,STAGETABLENAME,STAGETABLECOLUMN,ODSDATABASENAME,ODSSCHEMANAME,ODSTABLENAME,ODSTABLECOLUMN,ACTIVEFLAG,ISPSEUDONYMISED,EXPRESSIONS,ISPKEY,DATATYP)  Values (1,'STG_GRS_NO','DBO','CUST_CUST_OBJECT','DATEFROM','ODS_GRS_NO','DBO','CUST_CUST_OBJECT','DATEFROM','TRUE','FALSE','','TRUE','DATE');
Insert into DW.CONTROL.COLUMNDETAILS (SOURCESYSTEMID,STAGEDATABASENAME,STAGESCHEMANAME,STAGETABLENAME,STAGETABLECOLUMN,ODSDATABASENAME,ODSSCHEMANAME,ODSTABLENAME,ODSTABLECOLUMN,ACTIVEFLAG,ISPSEUDONYMISED,EXPRESSIONS,ISPKEY,DATATYP)  Values (1,'STG_GRS_NO','DBO','CUST_CUST_OBJECT','DATETO','ODS_GRS_NO','DBO','CUST_CUST_OBJECT','DATETO','TRUE','FALSE','','FALSE','DATE');
Insert into DW.CONTROL.COLUMNDETAILS (SOURCESYSTEMID,STAGEDATABASENAME,STAGESCHEMANAME,STAGETABLENAME,STAGETABLECOLUMN,ODSDATABASENAME,ODSSCHEMANAME,ODSTABLENAME,ODSTABLECOLUMN,ACTIVEFLAG,ISPSEUDONYMISED,EXPRESSIONS,ISPKEY,DATATYP)  Values (1,'STG_GRS_NO','DBO','CUST_CUST_OBJECT','CUST_OBJ_ID','ODS_GRS_NO','DBO','CUST_CUST_OBJECT','CUST_OBJ_ID','TRUE','FALSE','','TRUE','INTEGER');
Insert into DW.CONTROL.COLUMNDETAILS (SOURCESYSTEMID,STAGEDATABASENAME,STAGESCHEMANAME,STAGETABLENAME,STAGETABLECOLUMN,ODSDATABASENAME,ODSSCHEMANAME,ODSTABLENAME,ODSTABLECOLUMN,ACTIVEFLAG,ISPSEUDONYMISED,EXPRESSIONS,ISPKEY,DATATYP)  Values (1,'STG_GRS_NO','DBO','CUST_CUST_OBJECT','CUSTOMER_ID','ODS_GRS_NO','DBO','CUST_CUST_OBJECT','CUSTOMER_ID','TRUE','FALSE','','TRUE','INTEGER');
Insert into DW.CONTROL.COLUMNDETAILS (SOURCESYSTEMID,STAGEDATABASENAME,STAGESCHEMANAME,STAGETABLENAME,STAGETABLECOLUMN,ODSDATABASENAME,ODSSCHEMANAME,ODSTABLENAME,ODSTABLECOLUMN,ACTIVEFLAG,ISPSEUDONYMISED,EXPRESSIONS,ISPKEY,DATATYP)  Values (1,'STG_GRS_NO','DBO','CUST_CUST_OBJECT','INSERT_DATE','ODS_GRS_NO','DBO','CUST_CUST_OBJECT','INSERT_DATE','TRUE','FALSE','','FALSE','TIMESTAMP');
Insert into DW.CONTROL.COLUMNDETAILS (SOURCESYSTEMID,STAGEDATABASENAME,STAGESCHEMANAME,STAGETABLENAME,STAGETABLECOLUMN,ODSDATABASENAME,ODSSCHEMANAME,ODSTABLENAME,ODSTABLECOLUMN,ACTIVEFLAG,ISPSEUDONYMISED,EXPRESSIONS,ISPKEY,DATATYP)  Values (1,'STG_GRS_NO','DBO','CUST_CUST_OBJECT','CHANGE_DATE','ODS_GRS_NO','DBO','CUST_CUST_OBJECT','CHANGE_DATE','TRUE','FALSE','','FALSE','TIMESTAMP');
Insert into DW.CONTROL.COLUMNDETAILS (SOURCESYSTEMID,STAGEDATABASENAME,STAGESCHEMANAME,STAGETABLENAME,STAGETABLECOLUMN,ODSDATABASENAME,ODSSCHEMANAME,ODSTABLENAME,ODSTABLECOLUMN,ACTIVEFLAG,ISPSEUDONYMISED,EXPRESSIONS,ISPKEY,DATATYP)  Values (1,'STG_GRS_NO','DBO','CUSTOMER','CUSTOMER_ID','ODS_GRS_NO','DBO','CUSTOMER','CUSTOMER_ID','TRUE','FALSE','','TRUE','INTEGER');
Insert into DW.CONTROL.COLUMNDETAILS (SOURCESYSTEMID,STAGEDATABASENAME,STAGESCHEMANAME,STAGETABLENAME,STAGETABLECOLUMN,ODSDATABASENAME,ODSSCHEMANAME,ODSTABLENAME,ODSTABLECOLUMN,ACTIVEFLAG,ISPSEUDONYMISED,EXPRESSIONS,ISPKEY,DATATYP)  Values (1,'STG_GRS_NO','DBO','CUSTOMER','NAME_SEARCH','ODS_GRS_NO','DBO','CUSTOMER','NAME_SEARCH','TRUE','TRUE','','FALSE','VARCHAR');
Insert into DW.CONTROL.COLUMNDETAILS (SOURCESYSTEMID,STAGEDATABASENAME,STAGESCHEMANAME,STAGETABLENAME,STAGETABLECOLUMN,ODSDATABASENAME,ODSSCHEMANAME,ODSTABLENAME,ODSTABLECOLUMN,ACTIVEFLAG,ISPSEUDONYMISED,EXPRESSIONS,ISPKEY,DATATYP)  Values (1,'STG_GRS_NO','DBO','CUSTOMER','CUSTOMER_TYPE_ID','ODS_GRS_NO','DBO','CUSTOMER','CUSTOMER_TYPE_ID','TRUE','FALSE','','FALSE','INTEGER');
Insert into DW.CONTROL.COLUMNDETAILS (SOURCESYSTEMID,STAGEDATABASENAME,STAGESCHEMANAME,STAGETABLENAME,STAGETABLECOLUMN,ODSDATABASENAME,ODSSCHEMANAME,ODSTABLENAME,ODSTABLECOLUMN,ACTIVEFLAG,ISPSEUDONYMISED,EXPRESSIONS,ISPKEY,DATATYP)  Values (1,'STG_GRS_NO','DBO','CUSTOMER','CUSTOMER_NO','ODS_GRS_NO','DBO','CUSTOMER','CUSTOMER_NO','TRUE','FALSE','','FALSE','VARCHAR');
Insert into DW.CONTROL.COLUMNDETAILS (SOURCESYSTEMID,STAGEDATABASENAME,STAGESCHEMANAME,STAGETABLENAME,STAGETABLECOLUMN,ODSDATABASENAME,ODSSCHEMANAME,ODSTABLENAME,ODSTABLECOLUMN,ACTIVEFLAG,ISPSEUDONYMISED,EXPRESSIONS,ISPKEY,DATATYP)  Values (1,'STG_GRS_NO','DBO','CUSTOMER','NAME_1','ODS_GRS_NO','DBO','CUSTOMER','NAME_1','TRUE','TRUE','','FALSE','VARCHAR');
Insert into DW.CONTROL.COLUMNDETAILS (SOURCESYSTEMID,STAGEDATABASENAME,STAGESCHEMANAME,STAGETABLENAME,STAGETABLECOLUMN,ODSDATABASENAME,ODSSCHEMANAME,ODSTABLENAME,ODSTABLECOLUMN,ACTIVEFLAG,ISPSEUDONYMISED,EXPRESSIONS,ISPKEY,DATATYP)  Values (1,'STG_GRS_NO','DBO','CUSTOMER','ADDRESS','ODS_GRS_NO','DBO','CUSTOMER','ADDRESS','TRUE','TRUE','','FALSE','VARCHAR');
Insert into DW.CONTROL.COLUMNDETAILS (SOURCESYSTEMID,STAGEDATABASENAME,STAGESCHEMANAME,STAGETABLENAME,STAGETABLECOLUMN,ODSDATABASENAME,ODSSCHEMANAME,ODSTABLENAME,ODSTABLECOLUMN,ACTIVEFLAG,ISPSEUDONYMISED,EXPRESSIONS,ISPKEY,DATATYP)  Values (1,'STG_GRS_NO','DBO','CUSTOMER','POSTCODE','ODS_GRS_NO','DBO','CUSTOMER','POSTCODE','TRUE','TRUE','','FALSE','VARCHAR');
Insert into DW.CONTROL.COLUMNDETAILS (SOURCESYSTEMID,STAGEDATABASENAME,STAGESCHEMANAME,STAGETABLENAME,STAGETABLECOLUMN,ODSDATABASENAME,ODSSCHEMANAME,ODSTABLENAME,ODSTABLECOLUMN,ACTIVEFLAG,ISPSEUDONYMISED,EXPRESSIONS,ISPKEY,DATATYP)  Values (1,'STG_GRS_NO','DBO','CUSTOMER','POSTADDRESS','ODS_GRS_NO','DBO','CUSTOMER','POSTADDRESS','TRUE','TRUE','','FALSE','VARCHAR');
Insert into DW.CONTROL.COLUMNDETAILS (SOURCESYSTEMID,STAGEDATABASENAME,STAGESCHEMANAME,STAGETABLENAME,STAGETABLECOLUMN,ODSDATABASENAME,ODSSCHEMANAME,ODSTABLENAME,ODSTABLECOLUMN,ACTIVEFLAG,ISPSEUDONYMISED,EXPRESSIONS,ISPKEY,DATATYP)  Values (1,'STG_GRS_NO','DBO','CUSTOMER','VALIDTO','ODS_GRS_NO','DBO','CUSTOMER','VALIDTO','TRUE','FALSE','','FALSE','DATE');
Insert into DW.CONTROL.COLUMNDETAILS (SOURCESYSTEMID,STAGEDATABASENAME,STAGESCHEMANAME,STAGETABLENAME,STAGETABLECOLUMN,ODSDATABASENAME,ODSSCHEMANAME,ODSTABLENAME,ODSTABLECOLUMN,ACTIVEFLAG,ISPSEUDONYMISED,EXPRESSIONS,ISPKEY,DATATYP)  Values (1,'STG_GRS_NO','DBO','CUSTOMER','INSERT_DATE','ODS_GRS_NO','DBO','CUSTOMER','INSERT_DATE','TRUE','FALSE','','FALSE','TIMESTAMP');
Insert into DW.CONTROL.COLUMNDETAILS (SOURCESYSTEMID,STAGEDATABASENAME,STAGESCHEMANAME,STAGETABLENAME,STAGETABLECOLUMN,ODSDATABASENAME,ODSSCHEMANAME,ODSTABLENAME,ODSTABLECOLUMN,ACTIVEFLAG,ISPSEUDONYMISED,EXPRESSIONS,ISPKEY,DATATYP)  Values (1,'STG_GRS_NO','DBO','CUSTOMER','CHANGE_DATE','ODS_GRS_NO','DBO','CUSTOMER','CHANGE_DATE','TRUE','FALSE','','FALSE','TIMESTAMP');
Insert into DW.CONTROL.COLUMNDETAILS (SOURCESYSTEMID,STAGEDATABASENAME,STAGESCHEMANAME,STAGETABLENAME,STAGETABLECOLUMN,ODSDATABASENAME,ODSSCHEMANAME,ODSTABLENAME,ODSTABLECOLUMN,ACTIVEFLAG,ISPSEUDONYMISED,EXPRESSIONS,ISPKEY,DATATYP)  Values (1,'STG_GRS_NO','DBO','CUSTOMER_OBJECT','CUST_OBJ_NO','ODS_GRS_NO','DBO','CUSTOMER_OBJECT','CUST_OBJ_NO','TRUE','FALSE','','FALSE','INTEGER');
Insert into DW.CONTROL.COLUMNDETAILS (SOURCESYSTEMID,STAGEDATABASENAME,STAGESCHEMANAME,STAGETABLENAME,STAGETABLECOLUMN,ODSDATABASENAME,ODSSCHEMANAME,ODSTABLENAME,ODSTABLECOLUMN,ACTIVEFLAG,ISPSEUDONYMISED,EXPRESSIONS,ISPKEY,DATATYP)  Values (1,'STG_GRS_NO','DBO','CUSTOMER_OBJECT','CUST_OBJ_ID','ODS_GRS_NO','DBO','CUSTOMER_OBJECT','CUST_OBJ_ID','TRUE','FALSE','','TRUE','INTEGER');
Insert into DW.CONTROL.COLUMNDETAILS (SOURCESYSTEMID,STAGEDATABASENAME,STAGESCHEMANAME,STAGETABLENAME,STAGETABLECOLUMN,ODSDATABASENAME,ODSSCHEMANAME,ODSTABLENAME,ODSTABLECOLUMN,ACTIVEFLAG,ISPSEUDONYMISED,EXPRESSIONS,ISPKEY,DATATYP)  Values (1,'STG_GRS_NO','DBO','CUSTOMER_OBJECT','PROFITCENTER_ID','ODS_GRS_NO','DBO','CUSTOMER_OBJECT','PROFITCENTER_ID','TRUE','FALSE','','FALSE','INTEGER');
Insert into DW.CONTROL.COLUMNDETAILS (SOURCESYSTEMID,STAGEDATABASENAME,STAGESCHEMANAME,STAGETABLENAME,STAGETABLECOLUMN,ODSDATABASENAME,ODSSCHEMANAME,ODSTABLENAME,ODSTABLECOLUMN,ACTIVEFLAG,ISPSEUDONYMISED,EXPRESSIONS,ISPKEY,DATATYP)  Values (1,'STG_GRS_NO','DBO','CUSTOMER_OBJECT','NAME','ODS_GRS_NO','DBO','CUSTOMER_OBJECT','NAME','TRUE','FALSE','','FALSE','VARCHAR');
Insert into DW.CONTROL.COLUMNDETAILS (SOURCESYSTEMID,STAGEDATABASENAME,STAGESCHEMANAME,STAGETABLENAME,STAGETABLECOLUMN,ODSDATABASENAME,ODSSCHEMANAME,ODSTABLENAME,ODSTABLECOLUMN,ACTIVEFLAG,ISPSEUDONYMISED,EXPRESSIONS,ISPKEY,DATATYP)  Values (1,'STG_GRS_NO','DBO','CUSTOMER_OBJECT','ADDRESS','ODS_GRS_NO','DBO','CUSTOMER_OBJECT','ADDRESS','TRUE','FALSE','','FALSE','VARCHAR');
Insert into DW.CONTROL.COLUMNDETAILS (SOURCESYSTEMID,STAGEDATABASENAME,STAGESCHEMANAME,STAGETABLENAME,STAGETABLECOLUMN,ODSDATABASENAME,ODSSCHEMANAME,ODSTABLENAME,ODSTABLECOLUMN,ACTIVEFLAG,ISPSEUDONYMISED,EXPRESSIONS,ISPKEY,DATATYP)  Values (1,'STG_GRS_NO','DBO','CUSTOMER_OBJECT','POSTDELIVERY_ADDRESS','ODS_GRS_NO','DBO','CUSTOMER_OBJECT','POSTDELIVERY_ADDRESS','TRUE','FALSE','','FALSE','VARCHAR');
Insert into DW.CONTROL.COLUMNDETAILS (SOURCESYSTEMID,STAGEDATABASENAME,STAGESCHEMANAME,STAGETABLENAME,STAGETABLECOLUMN,ODSDATABASENAME,ODSSCHEMANAME,ODSTABLENAME,ODSTABLECOLUMN,ACTIVEFLAG,ISPSEUDONYMISED,EXPRESSIONS,ISPKEY,DATATYP)  Values (1,'STG_GRS_NO','DBO','CUSTOMER_OBJECT','POSTCODE','ODS_GRS_NO','DBO','CUSTOMER_OBJECT','POSTCODE','TRUE','FALSE','','FALSE','VARCHAR');
Insert into DW.CONTROL.COLUMNDETAILS (SOURCESYSTEMID,STAGEDATABASENAME,STAGESCHEMANAME,STAGETABLENAME,STAGETABLECOLUMN,ODSDATABASENAME,ODSSCHEMANAME,ODSTABLENAME,ODSTABLECOLUMN,ACTIVEFLAG,ISPSEUDONYMISED,EXPRESSIONS,ISPKEY,DATATYP)  Values (1,'STG_GRS_NO','DBO','CUSTOMER_OBJECT','ADDRESS_2','ODS_GRS_NO','DBO','CUSTOMER_OBJECT','ADDRESS_2','TRUE','FALSE','','FALSE','VARCHAR');
Insert into DW.CONTROL.COLUMNDETAILS (SOURCESYSTEMID,STAGEDATABASENAME,STAGESCHEMANAME,STAGETABLENAME,STAGETABLECOLUMN,ODSDATABASENAME,ODSSCHEMANAME,ODSTABLENAME,ODSTABLECOLUMN,ACTIVEFLAG,ISPSEUDONYMISED,EXPRESSIONS,ISPKEY,DATATYP)  Values (1,'STG_GRS_NO','DBO','CUSTOMER_OBJECT','POSTADDRESS','ODS_GRS_NO','DBO','CUSTOMER_OBJECT','POSTADDRESS','TRUE','FALSE','','FALSE','VARCHAR');
Insert into DW.CONTROL.COLUMNDETAILS (SOURCESYSTEMID,STAGEDATABASENAME,STAGESCHEMANAME,STAGETABLENAME,STAGETABLECOLUMN,ODSDATABASENAME,ODSSCHEMANAME,ODSTABLENAME,ODSTABLECOLUMN,ACTIVEFLAG,ISPSEUDONYMISED,EXPRESSIONS,ISPKEY,DATATYP)  Values (1,'STG_GRS_NO','DBO','CUSTOMER_OBJECT','AssignmentGeoLocation','ODS_GRS_NO','DBO','CUSTOMER_OBJECT','ASSIGNMENTGEOLOCATION','TRUE','TRUE','','FALSE','VARCHAR');
Insert into DW.CONTROL.COLUMNDETAILS (SOURCESYSTEMID,STAGEDATABASENAME,STAGESCHEMANAME,STAGETABLENAME,STAGETABLECOLUMN,ODSDATABASENAME,ODSSCHEMANAME,ODSTABLENAME,ODSTABLECOLUMN,ACTIVEFLAG,ISPSEUDONYMISED,EXPRESSIONS,ISPKEY,DATATYP)  Values (1,'STG_GRS_NO','DBO','CUSTOMER_OBJECT','CHANGE_DATE','ODS_GRS_NO','DBO','CUSTOMER_OBJECT','CHANGE_DATE','TRUE','FALSE','','FALSE','TIMESTAMP');
Insert into DW.CONTROL.COLUMNDETAILS (SOURCESYSTEMID,STAGEDATABASENAME,STAGESCHEMANAME,STAGETABLENAME,STAGETABLECOLUMN,ODSDATABASENAME,ODSSCHEMANAME,ODSTABLENAME,ODSTABLECOLUMN,ACTIVEFLAG,ISPSEUDONYMISED,EXPRESSIONS,ISPKEY,DATATYP)  Values (1,'STG_GRS_NO','DBO','CUSTOMER_OBJECT','INSERT_DATE','ODS_GRS_NO','DBO','CUSTOMER_OBJECT','INSERT_DATE','TRUE','FALSE','','FALSE','TIMESTAMP');
Insert into DW.CONTROL.COLUMNDETAILS (SOURCESYSTEMID,STAGEDATABASENAME,STAGESCHEMANAME,STAGETABLENAME,STAGETABLECOLUMN,ODSDATABASENAME,ODSSCHEMANAME,ODSTABLENAME,ODSTABLECOLUMN,ACTIVEFLAG,ISPSEUDONYMISED,EXPRESSIONS,ISPKEY,DATATYP)  Values (1,'STG_GRS_NO','DBO','CUSTOMER_OBJECT','TERMINATE_DATE','ODS_GRS_NO','DBO','CUSTOMER_OBJECT','TERMINATE_DATE','TRUE','FALSE','','FALSE','DATE');
Insert into DW.CONTROL.COLUMNDETAILS (SOURCESYSTEMID,STAGEDATABASENAME,STAGESCHEMANAME,STAGETABLENAME,STAGETABLECOLUMN,ODSDATABASENAME,ODSSCHEMANAME,ODSTABLENAME,ODSTABLECOLUMN,ACTIVEFLAG,ISPSEUDONYMISED,EXPRESSIONS,ISPKEY,DATATYP)  Values (2,'STG_GRS_NO','DBO','GCS_EXPORT_ERP_CALL_OUT_GUARDS','base_location_number','ODS_GRS_NO','DBO','GCS_EXPORT_ERP_CALL_OUT_GUARDS','BASE_LOCATION_NUMBER','TRUE','FALSE','','FALSE','VARCHAR');
Insert into DW.CONTROL.COLUMNDETAILS (SOURCESYSTEMID,STAGEDATABASENAME,STAGESCHEMANAME,STAGETABLENAME,STAGETABLECOLUMN,ODSDATABASENAME,ODSSCHEMANAME,ODSTABLENAME,ODSTABLECOLUMN,ACTIVEFLAG,ISPSEUDONYMISED,EXPRESSIONS,ISPKEY,DATATYP)  Values (2,'STG_GRS_NO','DBO','GCS_EXPORT_ERP_CALL_OUT_GUARDS','cost_centre','ODS_GRS_NO','DBO','GCS_EXPORT_ERP_CALL_OUT_GUARDS','COST_CENTRE','TRUE','FALSE','','FALSE','VARCHAR');
Insert into DW.CONTROL.COLUMNDETAILS (SOURCESYSTEMID,STAGEDATABASENAME,STAGESCHEMANAME,STAGETABLENAME,STAGETABLECOLUMN,ODSDATABASENAME,ODSSCHEMANAME,ODSTABLENAME,ODSTABLECOLUMN,ACTIVEFLAG,ISPSEUDONYMISED,EXPRESSIONS,ISPKEY,DATATYP)  Values (2,'STG_GRS_NO','DBO','GCS_EXPORT_ERP_CALL_OUT_GUARDS','arrival_time','ODS_GRS_NO','DBO','GCS_EXPORT_ERP_CALL_OUT_GUARDS','ARRIVAL_TIME','TRUE','FALSE','','FALSE','VARCHAR');
Insert into DW.CONTROL.COLUMNDETAILS (SOURCESYSTEMID,STAGEDATABASENAME,STAGESCHEMANAME,STAGETABLENAME,STAGETABLECOLUMN,ODSDATABASENAME,ODSSCHEMANAME,ODSTABLENAME,ODSTABLECOLUMN,ACTIVEFLAG,ISPSEUDONYMISED,EXPRESSIONS,ISPKEY,DATATYP)  Values (2,'STG_GRS_NO','DBO','GCS_EXPORT_ERP_CALL_OUT_GUARDS','departure_time','ODS_GRS_NO','DBO','GCS_EXPORT_ERP_CALL_OUT_GUARDS','DEPARTURE_TIME','TRUE','FALSE','','FALSE','VARCHAR');
Insert into DW.CONTROL.COLUMNDETAILS (SOURCESYSTEMID,STAGEDATABASENAME,STAGESCHEMANAME,STAGETABLENAME,STAGETABLECOLUMN,ODSDATABASENAME,ODSSCHEMANAME,ODSTABLENAME,ODSTABLECOLUMN,ACTIVEFLAG,ISPSEUDONYMISED,EXPRESSIONS,ISPKEY,DATATYP)  Values (2,'STG_GRS_NO','DBO','GCS_EXPORT_ERP_CALL_OUT_GUARDS','elapsed_time','ODS_GRS_NO','DBO','GCS_EXPORT_ERP_CALL_OUT_GUARDS','ELAPSED_TIME','TRUE','FALSE','','FALSE','VARCHAR');
Insert into DW.CONTROL.COLUMNDETAILS (SOURCESYSTEMID,STAGEDATABASENAME,STAGESCHEMANAME,STAGETABLENAME,STAGETABLECOLUMN,ODSDATABASENAME,ODSSCHEMANAME,ODSTABLENAME,ODSTABLECOLUMN,ACTIVEFLAG,ISPSEUDONYMISED,EXPRESSIONS,ISPKEY,DATATYP)  Values (2,'STG_GRS_NO','DBO','GCS_EXPORT_ERP_CALL_OUT_GUARDS','guard_type','ODS_GRS_NO','DBO','GCS_EXPORT_ERP_CALL_OUT_GUARDS','GUARD_TYPE','TRUE','FALSE','','FALSE','VARCHAR');
Insert into DW.CONTROL.COLUMNDETAILS (SOURCESYSTEMID,STAGEDATABASENAME,STAGESCHEMANAME,STAGETABLENAME,STAGETABLECOLUMN,ODSDATABASENAME,ODSSCHEMANAME,ODSTABLENAME,ODSTABLECOLUMN,ACTIVEFLAG,ISPSEUDONYMISED,EXPRESSIONS,ISPKEY,DATATYP)  Values (2,'STG_GRS_NO','DBO','GCS_EXPORT_ERP_CALL_OUT_GUARDS','INSERT_DATE','ODS_GRS_NO','DBO','GCS_EXPORT_ERP_CALL_OUT_GUARDS','INSERT_DATE','TRUE','FALSE','','FALSE','TIMESTAMP');
Insert into DW.CONTROL.COLUMNDETAILS (SOURCESYSTEMID,STAGEDATABASENAME,STAGESCHEMANAME,STAGETABLENAME,STAGETABLECOLUMN,ODSDATABASENAME,ODSSCHEMANAME,ODSTABLENAME,ODSTABLECOLUMN,ACTIVEFLAG,ISPSEUDONYMISED,EXPRESSIONS,ISPKEY,DATATYP)  Values (2,'STG_GRS_NO','DBO','GCS_EXPORT_ERP_CALL_OUT_GUARDS','CHANGE_DATE','ODS_GRS_NO','DBO','GCS_EXPORT_ERP_CALL_OUT_GUARDS','CHANGE_DATE','TRUE','FALSE','','FALSE','TIMESTAMP');
Insert into DW.CONTROL.COLUMNDETAILS (SOURCESYSTEMID,STAGEDATABASENAME,STAGESCHEMANAME,STAGETABLENAME,STAGETABLECOLUMN,ODSDATABASENAME,ODSSCHEMANAME,ODSTABLENAME,ODSTABLECOLUMN,ACTIVEFLAG,ISPSEUDONYMISED,EXPRESSIONS,ISPKEY,DATATYP)  Values (2,'STG_GRS_NO','DBO','GCS_EXPORT_ERP_CALL_OUTS','alarm_number','ODS_GRS_NO','DBO','GCS_EXPORT_ERP_CALL_OUTS','ALARM_NUMBER','TRUE','FALSE','','FALSE','VARCHAR');
Insert into DW.CONTROL.COLUMNDETAILS (SOURCESYSTEMID,STAGEDATABASENAME,STAGESCHEMANAME,STAGETABLENAME,STAGETABLECOLUMN,ODSDATABASENAME,ODSSCHEMANAME,ODSTABLENAME,ODSTABLECOLUMN,ACTIVEFLAG,ISPSEUDONYMISED,EXPRESSIONS,ISPKEY,DATATYP)  Values (2,'STG_GRS_NO','DBO','GCS_EXPORT_ERP_CALL_OUTS','case_number','ODS_GRS_NO','DBO','GCS_EXPORT_ERP_CALL_OUTS','CASE_NUMBER','TRUE','FALSE','','TRUE','VARCHAR');
Insert into DW.CONTROL.COLUMNDETAILS (SOURCESYSTEMID,STAGEDATABASENAME,STAGESCHEMANAME,STAGETABLENAME,STAGETABLECOLUMN,ODSDATABASENAME,ODSSCHEMANAME,ODSTABLENAME,ODSTABLECOLUMN,ACTIVEFLAG,ISPSEUDONYMISED,EXPRESSIONS,ISPKEY,DATATYP)  Values (2,'STG_GRS_NO','DBO','GCS_EXPORT_ERP_CALL_OUTS','alarm_center_name','ODS_GRS_NO','DBO','GCS_EXPORT_ERP_CALL_OUTS','ALARM_CENTER_NAME','TRUE','FALSE','','FALSE','VARCHAR');
Insert into DW.CONTROL.COLUMNDETAILS (SOURCESYSTEMID,STAGEDATABASENAME,STAGESCHEMANAME,STAGETABLENAME,STAGETABLECOLUMN,ODSDATABASENAME,ODSSCHEMANAME,ODSTABLENAME,ODSTABLECOLUMN,ACTIVEFLAG,ISPSEUDONYMISED,EXPRESSIONS,ISPKEY,DATATYP)  Values (2,'STG_GRS_NO','DBO','GCS_EXPORT_ERP_CALL_OUTS','alarm_center_reference','ODS_GRS_NO','DBO','GCS_EXPORT_ERP_CALL_OUTS','ALARM_CENTER_REFERENCE','TRUE','FALSE','','FALSE','VARCHAR');
Insert into DW.CONTROL.COLUMNDETAILS (SOURCESYSTEMID,STAGEDATABASENAME,STAGESCHEMANAME,STAGETABLENAME,STAGETABLECOLUMN,ODSDATABASENAME,ODSSCHEMANAME,ODSTABLENAME,ODSTABLECOLUMN,ACTIVEFLAG,ISPSEUDONYMISED,EXPRESSIONS,ISPKEY,DATATYP)  Values (2,'STG_GRS_NO','DBO','GCS_EXPORT_ERP_CALL_OUTS','customer_name_1','ODS_GRS_NO','DBO','GCS_EXPORT_ERP_CALL_OUTS','CUSTOMER_NAME_1','TRUE','TRUE','','FALSE','VARCHAR');
Insert into DW.CONTROL.COLUMNDETAILS (SOURCESYSTEMID,STAGEDATABASENAME,STAGESCHEMANAME,STAGETABLENAME,STAGETABLECOLUMN,ODSDATABASENAME,ODSSCHEMANAME,ODSTABLENAME,ODSTABLECOLUMN,ACTIVEFLAG,ISPSEUDONYMISED,EXPRESSIONS,ISPKEY,DATATYP)  Values (2,'STG_GRS_NO','DBO','GCS_EXPORT_ERP_CALL_OUTS','alarm_type','ODS_GRS_NO','DBO','GCS_EXPORT_ERP_CALL_OUTS','ALARM_TYPE','TRUE','FALSE','','FALSE','VARCHAR');
Insert into DW.CONTROL.COLUMNDETAILS (SOURCESYSTEMID,STAGEDATABASENAME,STAGESCHEMANAME,STAGETABLENAME,STAGETABLECOLUMN,ODSDATABASENAME,ODSSCHEMANAME,ODSTABLENAME,ODSTABLECOLUMN,ACTIVEFLAG,ISPSEUDONYMISED,EXPRESSIONS,ISPKEY,DATATYP)  Values (2,'STG_GRS_NO','DBO','GCS_EXPORT_ERP_CALL_OUTS','alarm_type_text','ODS_GRS_NO','DBO','GCS_EXPORT_ERP_CALL_OUTS','ALARM_TYPE_TEXT','TRUE','FALSE','','FALSE','VARCHAR');
Insert into DW.CONTROL.COLUMNDETAILS (SOURCESYSTEMID,STAGEDATABASENAME,STAGESCHEMANAME,STAGETABLENAME,STAGETABLECOLUMN,ODSDATABASENAME,ODSSCHEMANAME,ODSTABLENAME,ODSTABLECOLUMN,ACTIVEFLAG,ISPSEUDONYMISED,EXPRESSIONS,ISPKEY,DATATYP)  Values (2,'STG_GRS_NO','DBO','GCS_EXPORT_ERP_CALL_OUTS','alarm_time','ODS_GRS_NO','DBO','GCS_EXPORT_ERP_CALL_OUTS','ALARM_TIME','TRUE','FALSE','','FALSE','VARCHAR');
Insert into DW.CONTROL.COLUMNDETAILS (SOURCESYSTEMID,STAGEDATABASENAME,STAGESCHEMANAME,STAGETABLENAME,STAGETABLECOLUMN,ODSDATABASENAME,ODSSCHEMANAME,ODSTABLENAME,ODSTABLECOLUMN,ACTIVEFLAG,ISPSEUDONYMISED,EXPRESSIONS,ISPKEY,DATATYP)  Values (2,'STG_GRS_NO','DBO','GCS_EXPORT_ERP_CALL_OUTS','alarm_reach_time','ODS_GRS_NO','DBO','GCS_EXPORT_ERP_CALL_OUTS','ALARM_REACH_TIME','TRUE','FALSE','','FALSE','VARCHAR');
Insert into DW.CONTROL.COLUMNDETAILS (SOURCESYSTEMID,STAGEDATABASENAME,STAGESCHEMANAME,STAGETABLENAME,STAGETABLECOLUMN,ODSDATABASENAME,ODSSCHEMANAME,ODSTABLENAME,ODSTABLECOLUMN,ACTIVEFLAG,ISPSEUDONYMISED,EXPRESSIONS,ISPKEY,DATATYP)  Values (2,'STG_GRS_NO','DBO','GCS_EXPORT_ERP_CALL_OUTS','building_name','ODS_GRS_NO','DBO','GCS_EXPORT_ERP_CALL_OUTS','BUILDING_NAME','TRUE','FALSE','','FALSE','VARCHAR');
Insert into DW.CONTROL.COLUMNDETAILS (SOURCESYSTEMID,STAGEDATABASENAME,STAGESCHEMANAME,STAGETABLENAME,STAGETABLECOLUMN,ODSDATABASENAME,ODSSCHEMANAME,ODSTABLENAME,ODSTABLECOLUMN,ACTIVEFLAG,ISPSEUDONYMISED,EXPRESSIONS,ISPKEY,DATATYP)  Values (2,'STG_GRS_NO','DBO','GCS_EXPORT_ERP_CALL_OUTS','building_location','ODS_GRS_NO','DBO','GCS_EXPORT_ERP_CALL_OUTS','BUILDING_LOCATION','TRUE','FALSE','','FALSE','VARCHAR');
Insert into DW.CONTROL.COLUMNDETAILS (SOURCESYSTEMID,STAGEDATABASENAME,STAGESCHEMANAME,STAGETABLENAME,STAGETABLECOLUMN,ODSDATABASENAME,ODSSCHEMANAME,ODSTABLENAME,ODSTABLECOLUMN,ACTIVEFLAG,ISPSEUDONYMISED,EXPRESSIONS,ISPKEY,DATATYP)  Values (2,'STG_GRS_NO','DBO','GCS_EXPORT_ERP_CALL_OUTS','building_section','ODS_GRS_NO','DBO','GCS_EXPORT_ERP_CALL_OUTS','BUILDING_SECTION','TRUE','FALSE','','FALSE','VARCHAR');
Insert into DW.CONTROL.COLUMNDETAILS (SOURCESYSTEMID,STAGEDATABASENAME,STAGESCHEMANAME,STAGETABLENAME,STAGETABLECOLUMN,ODSDATABASENAME,ODSSCHEMANAME,ODSTABLENAME,ODSTABLECOLUMN,ACTIVEFLAG,ISPSEUDONYMISED,EXPRESSIONS,ISPKEY,DATATYP)  Values (2,'STG_GRS_NO','DBO','GCS_EXPORT_ERP_CALL_OUTS','building_address','ODS_GRS_NO','DBO','GCS_EXPORT_ERP_CALL_OUTS','BUILDING_ADDRESS','TRUE','FALSE','','FALSE','VARCHAR');
Insert into DW.CONTROL.COLUMNDETAILS (SOURCESYSTEMID,STAGEDATABASENAME,STAGESCHEMANAME,STAGETABLENAME,STAGETABLECOLUMN,ODSDATABASENAME,ODSSCHEMANAME,ODSTABLENAME,ODSTABLECOLUMN,ACTIVEFLAG,ISPSEUDONYMISED,EXPRESSIONS,ISPKEY,DATATYP)  Values (2,'STG_GRS_NO','DBO','GCS_EXPORT_ERP_CALL_OUTS','free_text_from_guard','ODS_GRS_NO','DBO','GCS_EXPORT_ERP_CALL_OUTS','FREE_TEXT_FROM_GUARD','TRUE','TRUE','','FALSE','VARCHAR');
Insert into DW.CONTROL.COLUMNDETAILS (SOURCESYSTEMID,STAGEDATABASENAME,STAGESCHEMANAME,STAGETABLENAME,STAGETABLECOLUMN,ODSDATABASENAME,ODSSCHEMANAME,ODSTABLENAME,ODSTABLECOLUMN,ACTIVEFLAG,ISPSEUDONYMISED,EXPRESSIONS,ISPKEY,DATATYP)  Values (2,'STG_GRS_NO','DBO','GCS_EXPORT_ERP_CALL_OUTS','free_text_from_operator','ODS_GRS_NO','DBO','GCS_EXPORT_ERP_CALL_OUTS','FREE_TEXT_FROM_OPERATOR','TRUE','TRUE','','FALSE','VARCHAR');
Insert into DW.CONTROL.COLUMNDETAILS (SOURCESYSTEMID,STAGEDATABASENAME,STAGESCHEMANAME,STAGETABLENAME,STAGETABLECOLUMN,ODSDATABASENAME,ODSSCHEMANAME,ODSTABLENAME,ODSTABLECOLUMN,ACTIVEFLAG,ISPSEUDONYMISED,EXPRESSIONS,ISPKEY,DATATYP)  Values (2,'STG_GRS_NO','DBO','GCS_EXPORT_ERP_CALL_OUTS','alarm_issue_code','ODS_GRS_NO','DBO','GCS_EXPORT_ERP_CALL_OUTS','ALARM_ISSUE_CODE','TRUE','FALSE','','FALSE','INTEGER');
Insert into DW.CONTROL.COLUMNDETAILS (SOURCESYSTEMID,STAGEDATABASENAME,STAGESCHEMANAME,STAGETABLENAME,STAGETABLECOLUMN,ODSDATABASENAME,ODSSCHEMANAME,ODSTABLENAME,ODSTABLECOLUMN,ACTIVEFLAG,ISPSEUDONYMISED,EXPRESSIONS,ISPKEY,DATATYP)  Values (2,'STG_GRS_NO','DBO','GCS_EXPORT_ERP_CALL_OUTS','alarm_issue_description','ODS_GRS_NO','DBO','GCS_EXPORT_ERP_CALL_OUTS','ALARM_ISSUE_DESCRIPTION','TRUE','FALSE','','FALSE','VARCHAR');
Insert into DW.CONTROL.COLUMNDETAILS (SOURCESYSTEMID,STAGEDATABASENAME,STAGESCHEMANAME,STAGETABLENAME,STAGETABLECOLUMN,ODSDATABASENAME,ODSSCHEMANAME,ODSTABLENAME,ODSTABLECOLUMN,ACTIVEFLAG,ISPSEUDONYMISED,EXPRESSIONS,ISPKEY,DATATYP)  Values (2,'STG_GRS_NO','DBO','GCS_EXPORT_ERP_CALL_OUTS','measures_code','ODS_GRS_NO','DBO','GCS_EXPORT_ERP_CALL_OUTS','MEASURES_CODE','TRUE','FALSE','','FALSE','INTEGER');
Insert into DW.CONTROL.COLUMNDETAILS (SOURCESYSTEMID,STAGEDATABASENAME,STAGESCHEMANAME,STAGETABLENAME,STAGETABLECOLUMN,ODSDATABASENAME,ODSSCHEMANAME,ODSTABLENAME,ODSTABLECOLUMN,ACTIVEFLAG,ISPSEUDONYMISED,EXPRESSIONS,ISPKEY,DATATYP)  Values (2,'STG_GRS_NO','DBO','GCS_EXPORT_ERP_CALL_OUTS','measures_text','ODS_GRS_NO','DBO','GCS_EXPORT_ERP_CALL_OUTS','MEASURES_TEXT','TRUE','FALSE','','FALSE','VARCHAR');
Insert into DW.CONTROL.COLUMNDETAILS (SOURCESYSTEMID,STAGEDATABASENAME,STAGESCHEMANAME,STAGETABLENAME,STAGETABLECOLUMN,ODSDATABASENAME,ODSSCHEMANAME,ODSTABLENAME,ODSTABLECOLUMN,ACTIVEFLAG,ISPSEUDONYMISED,EXPRESSIONS,ISPKEY,DATATYP)  Values (2,'STG_GRS_NO','DBO','GCS_EXPORT_ERP_CALL_OUTS','guard_section','ODS_GRS_NO','DBO','GCS_EXPORT_ERP_CALL_OUTS','GUARD_SECTION','TRUE','FALSE','','FALSE','VARCHAR');
Insert into DW.CONTROL.COLUMNDETAILS (SOURCESYSTEMID,STAGEDATABASENAME,STAGESCHEMANAME,STAGETABLENAME,STAGETABLECOLUMN,ODSDATABASENAME,ODSSCHEMANAME,ODSTABLENAME,ODSTABLECOLUMN,ACTIVEFLAG,ISPSEUDONYMISED,EXPRESSIONS,ISPKEY,DATATYP)  Values (2,'STG_GRS_NO','DBO','GCS_EXPORT_ERP_CALL_OUTS','INSERT_DATE','ODS_GRS_NO','DBO','GCS_EXPORT_ERP_CALL_OUTS','INSERT_DATE','TRUE','FALSE','','FALSE','TIMESTAMP');
Insert into DW.CONTROL.COLUMNDETAILS (SOURCESYSTEMID,STAGEDATABASENAME,STAGESCHEMANAME,STAGETABLENAME,STAGETABLECOLUMN,ODSDATABASENAME,ODSSCHEMANAME,ODSTABLENAME,ODSTABLECOLUMN,ACTIVEFLAG,ISPSEUDONYMISED,EXPRESSIONS,ISPKEY,DATATYP)  Values (2,'STG_GRS_NO','DBO','GCS_EXPORT_ERP_CALL_OUTS','CHANGE_DATE','ODS_GRS_NO','DBO','GCS_EXPORT_ERP_CALL_OUTS','CHANGE_DATE','TRUE','FALSE','','FALSE','TIMESTAMP');
Insert into DW.CONTROL.COLUMNDETAILS (SOURCESYSTEMID,STAGEDATABASENAME,STAGESCHEMANAME,STAGETABLENAME,STAGETABLECOLUMN,ODSDATABASENAME,ODSSCHEMANAME,ODSTABLENAME,ODSTABLECOLUMN,ACTIVEFLAG,ISPSEUDONYMISED,EXPRESSIONS,ISPKEY,DATATYP)  Values (1,'STG_GRS_NO','DBO','GD','GD_ID','ODS_GRS_NO','DBO','GD','GD_ID','TRUE','FALSE','','TRUE','INTEGER');
Insert into DW.CONTROL.COLUMNDETAILS (SOURCESYSTEMID,STAGEDATABASENAME,STAGESCHEMANAME,STAGETABLENAME,STAGETABLECOLUMN,ODSDATABASENAME,ODSSCHEMANAME,ODSTABLENAME,ODSTABLECOLUMN,ACTIVEFLAG,ISPSEUDONYMISED,EXPRESSIONS,ISPKEY,DATATYP)  Values (1,'STG_GRS_NO','DBO','GD','GD_NO','ODS_GRS_NO','DBO','GD','GD_NO','TRUE','FALSE','','FALSE','VARCHAR');
Insert into DW.CONTROL.COLUMNDETAILS (SOURCESYSTEMID,STAGEDATABASENAME,STAGESCHEMANAME,STAGETABLENAME,STAGETABLECOLUMN,ODSDATABASENAME,ODSSCHEMANAME,ODSTABLENAME,ODSTABLECOLUMN,ACTIVEFLAG,ISPSEUDONYMISED,EXPRESSIONS,ISPKEY,DATATYP)  Values (1,'STG_GRS_NO','DBO','GD','INSERT_DATE','ODS_GRS_NO','DBO','GD','INSERT_DATE','TRUE','FALSE','','FALSE','TIMESTAMP');
Insert into DW.CONTROL.COLUMNDETAILS (SOURCESYSTEMID,STAGEDATABASENAME,STAGESCHEMANAME,STAGETABLENAME,STAGETABLECOLUMN,ODSDATABASENAME,ODSSCHEMANAME,ODSTABLENAME,ODSTABLECOLUMN,ACTIVEFLAG,ISPSEUDONYMISED,EXPRESSIONS,ISPKEY,DATATYP)  Values (1,'STG_GRS_NO','DBO','GD','CHANGE_DATE','ODS_GRS_NO','DBO','GD','CHANGE_DATE','TRUE','FALSE','','FALSE','TIMESTAMP');
Insert into DW.CONTROL.COLUMNDETAILS (SOURCESYSTEMID,STAGEDATABASENAME,STAGESCHEMANAME,STAGETABLENAME,STAGETABLECOLUMN,ODSDATABASENAME,ODSSCHEMANAME,ODSTABLENAME,ODSTABLECOLUMN,ACTIVEFLAG,ISPSEUDONYMISED,EXPRESSIONS,ISPKEY,DATATYP)  Values (2,'STG_GRS_NO','DBO','GRS_ADDONINFO','GRSR_EVENT_ID','ODS_GRS_NO','DBO','GRS_ADDONINFO','GRSR_EVENT_ID','TRUE','FALSE','','FALSE','INTEGER');
Insert into DW.CONTROL.COLUMNDETAILS (SOURCESYSTEMID,STAGEDATABASENAME,STAGESCHEMANAME,STAGETABLENAME,STAGETABLECOLUMN,ODSDATABASENAME,ODSSCHEMANAME,ODSTABLENAME,ODSTABLECOLUMN,ACTIVEFLAG,ISPSEUDONYMISED,EXPRESSIONS,ISPKEY,DATATYP)  Values (2,'STG_GRS_NO','DBO','GRS_ADDONINFO','case_number','ODS_GRS_NO','DBO','GRS_ADDONINFO','CASE_NUMBER','TRUE','FALSE','','TRUE','VARCHAR');
Insert into DW.CONTROL.COLUMNDETAILS (SOURCESYSTEMID,STAGEDATABASENAME,STAGESCHEMANAME,STAGETABLENAME,STAGETABLECOLUMN,ODSDATABASENAME,ODSSCHEMANAME,ODSTABLENAME,ODSTABLECOLUMN,ACTIVEFLAG,ISPSEUDONYMISED,EXPRESSIONS,ISPKEY,DATATYP)  Values (2,'STG_GRS_NO','DBO','GRS_ADDONINFO','Cust_obj_no','ODS_GRS_NO','DBO','GRS_ADDONINFO','CUST_OBJ_NO','TRUE','FALSE','','FALSE','VARCHAR');
Insert into DW.CONTROL.COLUMNDETAILS (SOURCESYSTEMID,STAGEDATABASENAME,STAGESCHEMANAME,STAGETABLENAME,STAGETABLECOLUMN,ODSDATABASENAME,ODSSCHEMANAME,ODSTABLENAME,ODSTABLECOLUMN,ACTIVEFLAG,ISPSEUDONYMISED,EXPRESSIONS,ISPKEY,DATATYP)  Values (2,'STG_GRS_NO','DBO','GRS_ADDONINFO','Customer_no','ODS_GRS_NO','DBO','GRS_ADDONINFO','CUSTOMER_NO','TRUE','FALSE','','FALSE','VARCHAR');
Insert into DW.CONTROL.COLUMNDETAILS (SOURCESYSTEMID,STAGEDATABASENAME,STAGESCHEMANAME,STAGETABLENAME,STAGETABLECOLUMN,ODSDATABASENAME,ODSSCHEMANAME,ODSTABLENAME,ODSTABLECOLUMN,ACTIVEFLAG,ISPSEUDONYMISED,EXPRESSIONS,ISPKEY,DATATYP)  Values (2,'STG_GRS_NO','DBO','GRS_ADDONINFO','CHANGE_DATE','ODS_GRS_NO','DBO','GRS_ADDONINFO','CHANGE_DATE','TRUE','FALSE','','FALSE','TIMESTAMP');
Insert into DW.CONTROL.COLUMNDETAILS (SOURCESYSTEMID,STAGEDATABASENAME,STAGESCHEMANAME,STAGETABLENAME,STAGETABLECOLUMN,ODSDATABASENAME,ODSSCHEMANAME,ODSTABLENAME,ODSTABLECOLUMN,ACTIVEFLAG,ISPSEUDONYMISED,EXPRESSIONS,ISPKEY,DATATYP)  Values (2,'STG_GRS_NO','DBO','GRS_ADDONINFO','INSERT_DATE','ODS_GRS_NO','DBO','GRS_ADDONINFO','INSERT_DATE','TRUE','FALSE','','FALSE','TIMESTAMP');
Insert into DW.CONTROL.COLUMNDETAILS (SOURCESYSTEMID,STAGEDATABASENAME,STAGESCHEMANAME,STAGETABLENAME,STAGETABLECOLUMN,ODSDATABASENAME,ODSSCHEMANAME,ODSTABLENAME,ODSTABLECOLUMN,ACTIVEFLAG,ISPSEUDONYMISED,EXPRESSIONS,ISPKEY,DATATYP)  Values (1,'STG_GRS_NO','DBO','LOCATION_MARK','BARCODE','ODS_GRS_NO','DBO','LOCATION_MARK','BARCODE','TRUE','FALSE','','FALSE','VARCHAR');
Insert into DW.CONTROL.COLUMNDETAILS (SOURCESYSTEMID,STAGEDATABASENAME,STAGESCHEMANAME,STAGETABLENAME,STAGETABLECOLUMN,ODSDATABASENAME,ODSSCHEMANAME,ODSTABLENAME,ODSTABLECOLUMN,ACTIVEFLAG,ISPSEUDONYMISED,EXPRESSIONS,ISPKEY,DATATYP)  Values (1,'STG_GRS_NO','DBO','LOCATION_MARK','LOCATION_MARK_ID','ODS_GRS_NO','DBO','LOCATION_MARK','LOCATION_MARK_ID','TRUE','FALSE','','TRUE','INTEGER');
Insert into DW.CONTROL.COLUMNDETAILS (SOURCESYSTEMID,STAGEDATABASENAME,STAGESCHEMANAME,STAGETABLENAME,STAGETABLECOLUMN,ODSDATABASENAME,ODSSCHEMANAME,ODSTABLENAME,ODSTABLECOLUMN,ACTIVEFLAG,ISPSEUDONYMISED,EXPRESSIONS,ISPKEY,DATATYP)  Values (1,'STG_GRS_NO','DBO','LOCATION_MARK','POSITION','ODS_GRS_NO','DBO','LOCATION_MARK','POSITION','TRUE','TRUE','','FALSE','VARCHAR');
Insert into DW.CONTROL.COLUMNDETAILS (SOURCESYSTEMID,STAGEDATABASENAME,STAGESCHEMANAME,STAGETABLENAME,STAGETABLECOLUMN,ODSDATABASENAME,ODSSCHEMANAME,ODSTABLENAME,ODSTABLECOLUMN,ACTIVEFLAG,ISPSEUDONYMISED,EXPRESSIONS,ISPKEY,DATATYP)  Values (1,'STG_GRS_NO','DBO','LOCATION_MARK','POSITION_GUARD_INFO','ODS_GRS_NO','DBO','LOCATION_MARK','POSITION_GUARD_INFO','TRUE','FALSE','','FALSE','VARCHAR');
Insert into DW.CONTROL.COLUMNDETAILS (SOURCESYSTEMID,STAGEDATABASENAME,STAGESCHEMANAME,STAGETABLENAME,STAGETABLECOLUMN,ODSDATABASENAME,ODSSCHEMANAME,ODSTABLENAME,ODSTABLECOLUMN,ACTIVEFLAG,ISPSEUDONYMISED,EXPRESSIONS,ISPKEY,DATATYP)  Values (1,'STG_GRS_NO','DBO','LOCATION_MARK','INSERT_DATE','ODS_GRS_NO','DBO','LOCATION_MARK','INSERT_DATE','TRUE','FALSE','','FALSE','TIMESTAMP');
Insert into DW.CONTROL.COLUMNDETAILS (SOURCESYSTEMID,STAGEDATABASENAME,STAGESCHEMANAME,STAGETABLENAME,STAGETABLECOLUMN,ODSDATABASENAME,ODSSCHEMANAME,ODSTABLENAME,ODSTABLECOLUMN,ACTIVEFLAG,ISPSEUDONYMISED,EXPRESSIONS,ISPKEY,DATATYP)  Values (1,'STG_GRS_NO','DBO','LOCATION_MARK','CHANGE_DATE','ODS_GRS_NO','DBO','LOCATION_MARK','CHANGE_DATE','TRUE','FALSE','','FALSE','TIMESTAMP');
Insert into DW.CONTROL.COLUMNDETAILS (SOURCESYSTEMID,STAGEDATABASENAME,STAGESCHEMANAME,STAGETABLENAME,STAGETABLECOLUMN,ODSDATABASENAME,ODSSCHEMANAME,ODSTABLENAME,ODSTABLECOLUMN,ACTIVEFLAG,ISPSEUDONYMISED,EXPRESSIONS,ISPKEY,DATATYP)  Values (1,'STG_GRS_NO','DBO','LOCATION_OBJECT','LOC_OBJ_ID','ODS_GRS_NO','DBO','LOCATION_OBJECT','LOC_OBJ_ID','TRUE','FALSE','','TRUE','INTEGER');
Insert into DW.CONTROL.COLUMNDETAILS (SOURCESYSTEMID,STAGEDATABASENAME,STAGESCHEMANAME,STAGETABLENAME,STAGETABLECOLUMN,ODSDATABASENAME,ODSSCHEMANAME,ODSTABLENAME,ODSTABLECOLUMN,ACTIVEFLAG,ISPSEUDONYMISED,EXPRESSIONS,ISPKEY,DATATYP)  Values (1,'STG_GRS_NO','DBO','LOCATION_OBJECT','DESCRIPTION','ODS_GRS_NO','DBO','LOCATION_OBJECT','DESCRIPTION','TRUE','FALSE','','FALSE','VARCHAR');
Insert into DW.CONTROL.COLUMNDETAILS (SOURCESYSTEMID,STAGEDATABASENAME,STAGESCHEMANAME,STAGETABLENAME,STAGETABLECOLUMN,ODSDATABASENAME,ODSSCHEMANAME,ODSTABLENAME,ODSTABLECOLUMN,ACTIVEFLAG,ISPSEUDONYMISED,EXPRESSIONS,ISPKEY,DATATYP)  Values (1,'STG_GRS_NO','DBO','LOCATION_OBJECT','PROD_OBJ_ID','ODS_GRS_NO','DBO','LOCATION_OBJECT','PROD_OBJ_ID','TRUE','FALSE','','TRUE','INTEGER');
Insert into DW.CONTROL.COLUMNDETAILS (SOURCESYSTEMID,STAGEDATABASENAME,STAGESCHEMANAME,STAGETABLENAME,STAGETABLECOLUMN,ODSDATABASENAME,ODSSCHEMANAME,ODSTABLENAME,ODSTABLECOLUMN,ACTIVEFLAG,ISPSEUDONYMISED,EXPRESSIONS,ISPKEY,DATATYP)  Values (1,'STG_GRS_NO','DBO','LOCATION_OBJECT','INSERT_DATE','ODS_GRS_NO','DBO','LOCATION_OBJECT','INSERT_DATE','TRUE','FALSE','','FALSE','TIMESTAMP');
Insert into DW.CONTROL.COLUMNDETAILS (SOURCESYSTEMID,STAGEDATABASENAME,STAGESCHEMANAME,STAGETABLENAME,STAGETABLECOLUMN,ODSDATABASENAME,ODSSCHEMANAME,ODSTABLENAME,ODSTABLECOLUMN,ACTIVEFLAG,ISPSEUDONYMISED,EXPRESSIONS,ISPKEY,DATATYP)  Values (1,'STG_GRS_NO','DBO','LOCATION_OBJECT','CHANGE_DATE','ODS_GRS_NO','DBO','LOCATION_OBJECT','CHANGE_DATE','TRUE','FALSE','','FALSE','TIMESTAMP');
Insert into DW.CONTROL.COLUMNDETAILS (SOURCESYSTEMID,STAGEDATABASENAME,STAGESCHEMANAME,STAGETABLENAME,STAGETABLECOLUMN,ODSDATABASENAME,ODSSCHEMANAME,ODSTABLENAME,ODSTABLECOLUMN,ACTIVEFLAG,ISPSEUDONYMISED,EXPRESSIONS,ISPKEY,DATATYP)  Values (1,'STG_GRS_NO','DBO','PROCESSED_TRANSACTIONS','MULTIPLICATION_FACTOR','ODS_GRS_NO','DBO','PROCESSED_TRANSACTIONS','MULTIPLICATION_FACTOR','TRUE','FALSE','','FALSE','INTEGER');
Insert into DW.CONTROL.COLUMNDETAILS (SOURCESYSTEMID,STAGEDATABASENAME,STAGESCHEMANAME,STAGETABLENAME,STAGETABLECOLUMN,ODSDATABASENAME,ODSSCHEMANAME,ODSTABLENAME,ODSTABLECOLUMN,ACTIVEFLAG,ISPSEUDONYMISED,EXPRESSIONS,ISPKEY,DATATYP)  Values (1,'STG_GRS_NO','DBO','PROCESSED_TRANSACTIONS','REPORT_NOTES','ODS_GRS_NO','DBO','PROCESSED_TRANSACTIONS','REPORT_NOTES','TRUE','TRUE','','FALSE','VARCHAR');
Insert into DW.CONTROL.COLUMNDETAILS (SOURCESYSTEMID,STAGEDATABASENAME,STAGESCHEMANAME,STAGETABLENAME,STAGETABLECOLUMN,ODSDATABASENAME,ODSSCHEMANAME,ODSTABLENAME,ODSTABLECOLUMN,ACTIVEFLAG,ISPSEUDONYMISED,EXPRESSIONS,ISPKEY,DATATYP)  Values (1,'STG_GRS_NO','DBO','PROCESSED_TRANSACTIONS','LOGG_ID','ODS_GRS_NO','DBO','PROCESSED_TRANSACTIONS','LOGG_ID','TRUE','FALSE','','TRUE','INTEGER');
Insert into DW.CONTROL.COLUMNDETAILS (SOURCESYSTEMID,STAGEDATABASENAME,STAGESCHEMANAME,STAGETABLENAME,STAGETABLECOLUMN,ODSDATABASENAME,ODSSCHEMANAME,ODSTABLENAME,ODSTABLECOLUMN,ACTIVEFLAG,ISPSEUDONYMISED,EXPRESSIONS,ISPKEY,DATATYP)  Values (1,'STG_GRS_NO','DBO','PROCESSED_TRANSACTIONS','TRANS_ID','ODS_GRS_NO','DBO','PROCESSED_TRANSACTIONS','TRANS_ID','TRUE','FALSE','','TRUE','INTEGER');
Insert into DW.CONTROL.COLUMNDETAILS (SOURCESYSTEMID,STAGEDATABASENAME,STAGESCHEMANAME,STAGETABLENAME,STAGETABLECOLUMN,ODSDATABASENAME,ODSSCHEMANAME,ODSTABLENAME,ODSTABLECOLUMN,ACTIVEFLAG,ISPSEUDONYMISED,EXPRESSIONS,ISPKEY,DATATYP)  Values (1,'STG_GRS_NO','DBO','PROCESSED_TRANSACTIONS','SUB_ID','ODS_GRS_NO','DBO','PROCESSED_TRANSACTIONS','SUB_ID','TRUE','FALSE','','TRUE','INTEGER');
Insert into DW.CONTROL.COLUMNDETAILS (SOURCESYSTEMID,STAGEDATABASENAME,STAGESCHEMANAME,STAGETABLENAME,STAGETABLECOLUMN,ODSDATABASENAME,ODSSCHEMANAME,ODSTABLENAME,ODSTABLECOLUMN,ACTIVEFLAG,ISPSEUDONYMISED,EXPRESSIONS,ISPKEY,DATATYP)  Values (1,'STG_GRS_NO','DBO','PROCESSED_TRANSACTIONS','GD_ID','ODS_GRS_NO','DBO','PROCESSED_TRANSACTIONS','GD_ID','TRUE','FALSE','','FALSE','INTEGER');
Insert into DW.CONTROL.COLUMNDETAILS (SOURCESYSTEMID,STAGEDATABASENAME,STAGESCHEMANAME,STAGETABLENAME,STAGETABLECOLUMN,ODSDATABASENAME,ODSSCHEMANAME,ODSTABLENAME,ODSTABLECOLUMN,ACTIVEFLAG,ISPSEUDONYMISED,EXPRESSIONS,ISPKEY,DATATYP)  Values (1,'STG_GRS_NO','DBO','PROCESSED_TRANSACTIONS','PROD_OBJ_ID','ODS_GRS_NO','DBO','PROCESSED_TRANSACTIONS','PROD_OBJ_ID','TRUE','FALSE','','FALSE','INTEGER');
Insert into DW.CONTROL.COLUMNDETAILS (SOURCESYSTEMID,STAGEDATABASENAME,STAGESCHEMANAME,STAGETABLENAME,STAGETABLECOLUMN,ODSDATABASENAME,ODSSCHEMANAME,ODSTABLENAME,ODSTABLECOLUMN,ACTIVEFLAG,ISPSEUDONYMISED,EXPRESSIONS,ISPKEY,DATATYP)  Values (1,'STG_GRS_NO','DBO','PROCESSED_TRANSACTIONS','LOC_OBJ_ID','ODS_GRS_NO','DBO','PROCESSED_TRANSACTIONS','LOC_OBJ_ID','TRUE','FALSE','','FALSE','INTEGER');
Insert into DW.CONTROL.COLUMNDETAILS (SOURCESYSTEMID,STAGEDATABASENAME,STAGESCHEMANAME,STAGETABLENAME,STAGETABLECOLUMN,ODSDATABASENAME,ODSSCHEMANAME,ODSTABLENAME,ODSTABLECOLUMN,ACTIVEFLAG,ISPSEUDONYMISED,EXPRESSIONS,ISPKEY,DATATYP)  Values (1,'STG_GRS_NO','DBO','PROCESSED_TRANSACTIONS','COMMITMENT_ID','ODS_GRS_NO','DBO','PROCESSED_TRANSACTIONS','COMMITMENT_ID','TRUE','FALSE','','FALSE','INTEGER');
Insert into DW.CONTROL.COLUMNDETAILS (SOURCESYSTEMID,STAGEDATABASENAME,STAGESCHEMANAME,STAGETABLENAME,STAGETABLECOLUMN,ODSDATABASENAME,ODSSCHEMANAME,ODSTABLENAME,ODSTABLECOLUMN,ACTIVEFLAG,ISPSEUDONYMISED,EXPRESSIONS,ISPKEY,DATATYP)  Values (1,'STG_GRS_NO','DBO','PROCESSED_TRANSACTIONS','INSERT_DATE','ODS_GRS_NO','DBO','PROCESSED_TRANSACTIONS','INSERT_DATE','TRUE','FALSE','','FALSE','TIMESTAMP');
Insert into DW.CONTROL.COLUMNDETAILS (SOURCESYSTEMID,STAGEDATABASENAME,STAGESCHEMANAME,STAGETABLENAME,STAGETABLECOLUMN,ODSDATABASENAME,ODSSCHEMANAME,ODSTABLENAME,ODSTABLECOLUMN,ACTIVEFLAG,ISPSEUDONYMISED,EXPRESSIONS,ISPKEY,DATATYP)  Values (1,'STG_GRS_NO','DBO','PROCESSED_TRANSACTIONS','CHANGE_DATE','ODS_GRS_NO','DBO','PROCESSED_TRANSACTIONS','CHANGE_DATE','TRUE','FALSE','','FALSE','TIMESTAMP');
Insert into DW.CONTROL.COLUMNDETAILS (SOURCESYSTEMID,STAGEDATABASENAME,STAGESCHEMANAME,STAGETABLENAME,STAGETABLECOLUMN,ODSDATABASENAME,ODSSCHEMANAME,ODSTABLENAME,ODSTABLECOLUMN,ACTIVEFLAG,ISPSEUDONYMISED,EXPRESSIONS,ISPKEY,DATATYP)  Values (1,'STG_GRS_NO','DBO','PROCESSED_TRANSACTIONS','POSITION','ODS_GRS_NO','DBO','PROCESSED_TRANSACTIONS','POSITION','TRUE','TRUE','','FALSE','VARCHAR');
Insert into DW.CONTROL.COLUMNDETAILS (SOURCESYSTEMID,STAGEDATABASENAME,STAGESCHEMANAME,STAGETABLENAME,STAGETABLECOLUMN,ODSDATABASENAME,ODSSCHEMANAME,ODSTABLENAME,ODSTABLECOLUMN,ACTIVEFLAG,ISPSEUDONYMISED,EXPRESSIONS,ISPKEY,DATATYP)  Values (1,'STG_GRS_NO','DBO','PROCESSED_TRANSACTIONS','BARCODE_TIME','ODS_GRS_NO','DBO','PROCESSED_TRANSACTIONS','BARCODE_TIME','TRUE','FALSE','','FALSE','TIMESTAMP');
Insert into DW.CONTROL.COLUMNDETAILS (SOURCESYSTEMID,STAGEDATABASENAME,STAGESCHEMANAME,STAGETABLENAME,STAGETABLECOLUMN,ODSDATABASENAME,ODSSCHEMANAME,ODSTABLENAME,ODSTABLECOLUMN,ACTIVEFLAG,ISPSEUDONYMISED,EXPRESSIONS,ISPKEY,DATATYP)  Values (1,'STG_GRS_NO','DBO','PROCESSED_TRANSACTIONS','BARCODE_DATE','ODS_GRS_NO','DBO','PROCESSED_TRANSACTIONS','BARCODE_DATE','TRUE','FALSE','','FALSE','TIMESTAMP');
Insert into DW.CONTROL.COLUMNDETAILS (SOURCESYSTEMID,STAGEDATABASENAME,STAGESCHEMANAME,STAGETABLENAME,STAGETABLECOLUMN,ODSDATABASENAME,ODSSCHEMANAME,ODSTABLENAME,ODSTABLECOLUMN,ACTIVEFLAG,ISPSEUDONYMISED,EXPRESSIONS,ISPKEY,DATATYP)  Values (1,'STG_GRS_NO','DBO','PRODUCTION_OBJECT','PROD_OBJ_ID','ODS_GRS_NO','DBO','PRODUCTION_OBJECT','PROD_OBJ_ID','TRUE','FALSE','','TRUE','INTEGER');
Insert into DW.CONTROL.COLUMNDETAILS (SOURCESYSTEMID,STAGEDATABASENAME,STAGESCHEMANAME,STAGETABLENAME,STAGETABLECOLUMN,ODSDATABASENAME,ODSSCHEMANAME,ODSTABLENAME,ODSTABLECOLUMN,ACTIVEFLAG,ISPSEUDONYMISED,EXPRESSIONS,ISPKEY,DATATYP)  Values (1,'STG_GRS_NO','DBO','PRODUCTION_OBJECT','PROD_OBJ_NO','ODS_GRS_NO','DBO','PRODUCTION_OBJECT','PROD_OBJ_NO','TRUE','FALSE','','FALSE','VARCHAR');
Insert into DW.CONTROL.COLUMNDETAILS (SOURCESYSTEMID,STAGEDATABASENAME,STAGESCHEMANAME,STAGETABLENAME,STAGETABLECOLUMN,ODSDATABASENAME,ODSSCHEMANAME,ODSTABLENAME,ODSTABLECOLUMN,ACTIVEFLAG,ISPSEUDONYMISED,EXPRESSIONS,ISPKEY,DATATYP)  Values (1,'STG_GRS_NO','DBO','PRODUCTION_OBJECT','DESCRIPTION','ODS_GRS_NO','DBO','PRODUCTION_OBJECT','DESCRIPTION','TRUE','FALSE','','FALSE','VARCHAR');
Insert into DW.CONTROL.COLUMNDETAILS (SOURCESYSTEMID,STAGEDATABASENAME,STAGESCHEMANAME,STAGETABLENAME,STAGETABLECOLUMN,ODSDATABASENAME,ODSSCHEMANAME,ODSTABLENAME,ODSTABLECOLUMN,ACTIVEFLAG,ISPSEUDONYMISED,EXPRESSIONS,ISPKEY,DATATYP)  Values (1,'STG_GRS_NO','DBO','PRODUCTION_OBJECT','ADDRESS','ODS_GRS_NO','DBO','PRODUCTION_OBJECT','ADDRESS','TRUE','FALSE','','FALSE','VARCHAR');
Insert into DW.CONTROL.COLUMNDETAILS (SOURCESYSTEMID,STAGEDATABASENAME,STAGESCHEMANAME,STAGETABLENAME,STAGETABLECOLUMN,ODSDATABASENAME,ODSSCHEMANAME,ODSTABLENAME,ODSTABLECOLUMN,ACTIVEFLAG,ISPSEUDONYMISED,EXPRESSIONS,ISPKEY,DATATYP)  Values (1,'STG_GRS_NO','DBO','PRODUCTION_OBJECT','INSERT_DATE','ODS_GRS_NO','DBO','PRODUCTION_OBJECT','INSERT_DATE','TRUE','FALSE','','FALSE','TIMESTAMP');
Insert into DW.CONTROL.COLUMNDETAILS (SOURCESYSTEMID,STAGEDATABASENAME,STAGESCHEMANAME,STAGETABLENAME,STAGETABLECOLUMN,ODSDATABASENAME,ODSSCHEMANAME,ODSTABLENAME,ODSTABLECOLUMN,ACTIVEFLAG,ISPSEUDONYMISED,EXPRESSIONS,ISPKEY,DATATYP)  Values (1,'STG_GRS_NO','DBO','PRODUCTION_OBJECT','CHANGE_DATE','ODS_GRS_NO','DBO','PRODUCTION_OBJECT','CHANGE_DATE','TRUE','FALSE','','FALSE','TIMESTAMP');
Insert into DW.CONTROL.COLUMNDETAILS (SOURCESYSTEMID,STAGEDATABASENAME,STAGESCHEMANAME,STAGETABLENAME,STAGETABLECOLUMN,ODSDATABASENAME,ODSSCHEMANAME,ODSTABLENAME,ODSTABLECOLUMN,ACTIVEFLAG,ISPSEUDONYMISED,EXPRESSIONS,ISPKEY,DATATYP)  Values (1,'STG_GRS_NO','DBO','PROFITCENTER','PROFITCENTER_ID','ODS_GRS_NO','DBO','PROFITCENTER','PROFITCENTER_ID','TRUE','FALSE','','TRUE','INTEGER');
Insert into DW.CONTROL.COLUMNDETAILS (SOURCESYSTEMID,STAGEDATABASENAME,STAGESCHEMANAME,STAGETABLENAME,STAGETABLECOLUMN,ODSDATABASENAME,ODSSCHEMANAME,ODSTABLENAME,ODSTABLECOLUMN,ACTIVEFLAG,ISPSEUDONYMISED,EXPRESSIONS,ISPKEY,DATATYP)  Values (1,'STG_GRS_NO','DBO','PROFITCENTER','PROFITCENTER_NO','ODS_GRS_NO','DBO','PROFITCENTER','PROFITCENTER_NO','TRUE','FALSE','','FALSE','INTEGER');
Insert into DW.CONTROL.COLUMNDETAILS (SOURCESYSTEMID,STAGEDATABASENAME,STAGESCHEMANAME,STAGETABLENAME,STAGETABLECOLUMN,ODSDATABASENAME,ODSSCHEMANAME,ODSTABLENAME,ODSTABLECOLUMN,ACTIVEFLAG,ISPSEUDONYMISED,EXPRESSIONS,ISPKEY,DATATYP)  Values (1,'STG_GRS_NO','DBO','PROFITCENTER','INSERT_DATE','ODS_GRS_NO','DBO','PROFITCENTER','INSERT_DATE','TRUE','FALSE','','FALSE','TIMESTAMP');
Insert into DW.CONTROL.COLUMNDETAILS (SOURCESYSTEMID,STAGEDATABASENAME,STAGESCHEMANAME,STAGETABLENAME,STAGETABLECOLUMN,ODSDATABASENAME,ODSSCHEMANAME,ODSTABLENAME,ODSTABLECOLUMN,ACTIVEFLAG,ISPSEUDONYMISED,EXPRESSIONS,ISPKEY,DATATYP)  Values (1,'STG_GRS_NO','DBO','PROFITCENTER','CHANGE_DATE','ODS_GRS_NO','DBO','PROFITCENTER','CHANGE_DATE','TRUE','FALSE','','FALSE','TIMESTAMP');
Insert into DW.CONTROL.COLUMNDETAILS (SOURCESYSTEMID,STAGEDATABASENAME,STAGESCHEMANAME,STAGETABLENAME,STAGETABLECOLUMN,ODSDATABASENAME,ODSSCHEMANAME,ODSTABLENAME,ODSTABLECOLUMN,ACTIVEFLAG,ISPSEUDONYMISED,EXPRESSIONS,ISPKEY,DATATYP)  Values (1,'STG_GRS_NO','DBO','REPORT_MARK','REPORT_MARK_ID','ODS_GRS_NO','DBO','REPORT_MARK','REPORT_MARK_ID','TRUE','FALSE','','TRUE','INTEGER');
Insert into DW.CONTROL.COLUMNDETAILS (SOURCESYSTEMID,STAGEDATABASENAME,STAGESCHEMANAME,STAGETABLENAME,STAGETABLECOLUMN,ODSDATABASENAME,ODSSCHEMANAME,ODSTABLENAME,ODSTABLECOLUMN,ACTIVEFLAG,ISPSEUDONYMISED,EXPRESSIONS,ISPKEY,DATATYP)  Values (1,'STG_GRS_NO','DBO','REPORT_MARK','REPORT_LABEL','ODS_GRS_NO','DBO','REPORT_MARK','REPORT_LABEL','TRUE','FALSE','','FALSE','VARCHAR');
Insert into DW.CONTROL.COLUMNDETAILS (SOURCESYSTEMID,STAGEDATABASENAME,STAGESCHEMANAME,STAGETABLENAME,STAGETABLECOLUMN,ODSDATABASENAME,ODSSCHEMANAME,ODSTABLENAME,ODSTABLECOLUMN,ACTIVEFLAG,ISPSEUDONYMISED,EXPRESSIONS,ISPKEY,DATATYP)  Values (1,'STG_GRS_NO','DBO','REPORT_MARK','INSERT_DATE','ODS_GRS_NO','DBO','REPORT_MARK','INSERT_DATE','TRUE','FALSE','','FALSE','TIMESTAMP');
Insert into DW.CONTROL.COLUMNDETAILS (SOURCESYSTEMID,STAGEDATABASENAME,STAGESCHEMANAME,STAGETABLENAME,STAGETABLECOLUMN,ODSDATABASENAME,ODSSCHEMANAME,ODSTABLENAME,ODSTABLECOLUMN,ACTIVEFLAG,ISPSEUDONYMISED,EXPRESSIONS,ISPKEY,DATATYP)  Values (1,'STG_GRS_NO','DBO','REPORT_MARK','CHANGE_DATE','ODS_GRS_NO','DBO','REPORT_MARK','CHANGE_DATE','TRUE','FALSE','','FALSE','TIMESTAMP');
Insert into DW.CONTROL.COLUMNDETAILS (SOURCESYSTEMID,STAGEDATABASENAME,STAGESCHEMANAME,STAGETABLENAME,STAGETABLECOLUMN,ODSDATABASENAME,ODSSCHEMANAME,ODSTABLENAME,ODSTABLECOLUMN,ACTIVEFLAG,ISPSEUDONYMISED,EXPRESSIONS,ISPKEY,DATATYP)  Values (1,'STG_GRS_NO','DBO','TEMP_TRANSACTIONS','BARCODE_TIME','ODS_GRS_NO','DBO','TEMP_TRANSACTIONS','BARCODE_TIME','TRUE','FALSE','','FALSE','TIMESTAMP');
Insert into DW.CONTROL.COLUMNDETAILS (SOURCESYSTEMID,STAGEDATABASENAME,STAGESCHEMANAME,STAGETABLENAME,STAGETABLECOLUMN,ODSDATABASENAME,ODSSCHEMANAME,ODSTABLENAME,ODSTABLECOLUMN,ACTIVEFLAG,ISPSEUDONYMISED,EXPRESSIONS,ISPKEY,DATATYP)  Values (1,'STG_GRS_NO','DBO','TEMP_TRANSACTIONS','BARCODE_NO','ODS_GRS_NO','DBO','TEMP_TRANSACTIONS','BARCODE_NO','TRUE','FALSE','','FALSE','VARCHAR');
Insert into DW.CONTROL.COLUMNDETAILS (SOURCESYSTEMID,STAGEDATABASENAME,STAGESCHEMANAME,STAGETABLENAME,STAGETABLECOLUMN,ODSDATABASENAME,ODSSCHEMANAME,ODSTABLENAME,ODSTABLECOLUMN,ACTIVEFLAG,ISPSEUDONYMISED,EXPRESSIONS,ISPKEY,DATATYP)  Values (1,'STG_GRS_NO','DBO','TEMP_TRANSACTIONS','INSERT_DATE','ODS_GRS_NO','DBO','TEMP_TRANSACTIONS','INSERT_DATE','TRUE','FALSE','','FALSE','TIMESTAMP');
Insert into DW.CONTROL.COLUMNDETAILS (SOURCESYSTEMID,STAGEDATABASENAME,STAGESCHEMANAME,STAGETABLENAME,STAGETABLECOLUMN,ODSDATABASENAME,ODSSCHEMANAME,ODSTABLENAME,ODSTABLECOLUMN,ACTIVEFLAG,ISPSEUDONYMISED,EXPRESSIONS,ISPKEY,DATATYP)  Values (1,'STG_GRS_NO','DBO','TEMP_TRANSACTIONS','CHANGE_DATE','ODS_GRS_NO','DBO','TEMP_TRANSACTIONS','CHANGE_DATE','TRUE','FALSE','','FALSE','TIMESTAMP');
Insert into DW.CONTROL.COLUMNDETAILS (SOURCESYSTEMID,STAGEDATABASENAME,STAGESCHEMANAME,STAGETABLENAME,STAGETABLECOLUMN,ODSDATABASENAME,ODSSCHEMANAME,ODSTABLENAME,ODSTABLECOLUMN,ACTIVEFLAG,ISPSEUDONYMISED,EXPRESSIONS,ISPKEY,DATATYP)  Values (1,'STG_GRS_NO','DBO','TEMP_TRANSACTIONS','Latitude','ODS_GRS_NO','DBO','TEMP_TRANSACTIONS','LATITUDE','TRUE','TRUE','','FALSE','NUMBER');
Insert into DW.CONTROL.COLUMNDETAILS (SOURCESYSTEMID,STAGEDATABASENAME,STAGESCHEMANAME,STAGETABLENAME,STAGETABLECOLUMN,ODSDATABASENAME,ODSSCHEMANAME,ODSTABLENAME,ODSTABLECOLUMN,ACTIVEFLAG,ISPSEUDONYMISED,EXPRESSIONS,ISPKEY,DATATYP)  Values (1,'STG_GRS_NO','DBO','TEMP_TRANSACTIONS','Longitude','ODS_GRS_NO','DBO','TEMP_TRANSACTIONS','LONGITUDE','TRUE','TRUE','','FALSE','NUMBER');
Insert into DW.CONTROL.COLUMNDETAILS (SOURCESYSTEMID,STAGEDATABASENAME,STAGESCHEMANAME,STAGETABLENAME,STAGETABLECOLUMN,ODSDATABASENAME,ODSSCHEMANAME,ODSTABLENAME,ODSTABLECOLUMN,ACTIVEFLAG,ISPSEUDONYMISED,EXPRESSIONS,ISPKEY,DATATYP)  Values (1,'STG_GRS_NO','DBO','TEMP_TRANSACTIONS','GpsTimeStamp','ODS_GRS_NO','DBO','TEMP_TRANSACTIONS','GPSTIMESTAMP','TRUE','FALSE','','FALSE','TIMESTAMP');
Insert into DW.CONTROL.COLUMNDETAILS (SOURCESYSTEMID,STAGEDATABASENAME,STAGESCHEMANAME,STAGETABLENAME,STAGETABLECOLUMN,ODSDATABASENAME,ODSSCHEMANAME,ODSTABLENAME,ODSTABLECOLUMN,ACTIVEFLAG,ISPSEUDONYMISED,EXPRESSIONS,ISPKEY,DATATYP)  Values (1,'STG_GRS_NO','DBO','ALARM_CODES','ALARM_CODE_ID','ODS_GRS_NO','DBO','ALARM_CODES','ALARM_CODE_ID','TRUE','FALSE','','TRUE','INTEGER');
Insert into DW.CONTROL.COLUMNDETAILS (SOURCESYSTEMID,STAGEDATABASENAME,STAGESCHEMANAME,STAGETABLENAME,STAGETABLECOLUMN,ODSDATABASENAME,ODSSCHEMANAME,ODSTABLENAME,ODSTABLECOLUMN,ACTIVEFLAG,ISPSEUDONYMISED,EXPRESSIONS,ISPKEY,DATATYP)  Values (1,'STG_GRS_NO','DBO','ALARM_GROUP','ALARM_GROUP_ID','ODS_GRS_NO','DBO','ALARM_GROUP','ALARM_GROUP_ID','TRUE','FALSE','','TRUE','INTEGER');
Insert into DW.CONTROL.COLUMNDETAILS (SOURCESYSTEMID,STAGEDATABASENAME,STAGESCHEMANAME,STAGETABLENAME,STAGETABLECOLUMN,ODSDATABASENAME,ODSSCHEMANAME,ODSTABLENAME,ODSTABLECOLUMN,ACTIVEFLAG,ISPSEUDONYMISED,EXPRESSIONS,ISPKEY,DATATYP)  Values (1,'STG_GRS_NO','DBO','ASSIGNMENT_TYPE','ASSIGNMENT_TYPE_ID','ODS_GRS_NO','DBO','ASSIGNMENT_TYPE','ASSIGNMENT_TYPE_ID','TRUE','FALSE','','TRUE','INTEGER');
Insert into DW.CONTROL.COLUMNDETAILS (SOURCESYSTEMID,STAGEDATABASENAME,STAGESCHEMANAME,STAGETABLENAME,STAGETABLECOLUMN,ODSDATABASENAME,ODSSCHEMANAME,ODSTABLENAME,ODSTABLECOLUMN,ACTIVEFLAG,ISPSEUDONYMISED,EXPRESSIONS,ISPKEY,DATATYP)  Values (1,'STG_GRS_NO','DBO','CONTRACT_TYPE','CONTRACT_TYPE_ID','ODS_GRS_NO','DBO','CONTRACT_TYPE','CONTRACT_TYPE_ID','TRUE','FALSE','','TRUE','INTEGER');
Insert into DW.CONTROL.COLUMNDETAILS (SOURCESYSTEMID,STAGEDATABASENAME,STAGESCHEMANAME,STAGETABLENAME,STAGETABLECOLUMN,ODSDATABASENAME,ODSSCHEMANAME,ODSTABLENAME,ODSTABLECOLUMN,ACTIVEFLAG,ISPSEUDONYMISED,EXPRESSIONS,ISPKEY,DATATYP)  Values (1,'STG_GRS_NO','DBO','TEMP_TRANSACTIONS','LOGG_ID','ODS_GRS_NO','DBO','TEMP_TRANSACTIONS','LOGG_ID','TRUE','FALSE','','TRUE','INTEGER');
Insert into DW.CONTROL.COLUMNDETAILS (SOURCESYSTEMID,STAGEDATABASENAME,STAGESCHEMANAME,STAGETABLENAME,STAGETABLECOLUMN,ODSDATABASENAME,ODSSCHEMANAME,ODSTABLENAME,ODSTABLECOLUMN,ACTIVEFLAG,ISPSEUDONYMISED,EXPRESSIONS,ISPKEY,DATATYP)  Values (1,'STG_GRS_NO','DBO','TEMP_TRANSACTIONS','TRANS_ID','ODS_GRS_NO','DBO','TEMP_TRANSACTIONS','TRANS_ID','TRUE','FALSE','','TRUE','INTEGER');
Insert into DW.CONTROL.COLUMNDETAILS (SOURCESYSTEMID,STAGEDATABASENAME,STAGESCHEMANAME,STAGETABLENAME,STAGETABLECOLUMN,ODSDATABASENAME,ODSSCHEMANAME,ODSTABLENAME,ODSTABLECOLUMN,ACTIVEFLAG,ISPSEUDONYMISED,EXPRESSIONS,ISPKEY,DATATYP)  Values (1,'STG_GRS_NO','DBO','CONTRACT_PART','CONTRACT_ID','ODS_GRS_NO','DBO','CONTRACT_PART','CONTRACT_ID','TRUE','FALSE','','TRUE','INTEGER');
Insert into DW.CONTROL.COLUMNDETAILS (SOURCESYSTEMID,STAGEDATABASENAME,STAGESCHEMANAME,STAGETABLENAME,STAGETABLECOLUMN,ODSDATABASENAME,ODSSCHEMANAME,ODSTABLENAME,ODSTABLECOLUMN,ACTIVEFLAG,ISPSEUDONYMISED,EXPRESSIONS,ISPKEY,DATATYP)  Values (1,'STG_GRS_NO','DBO','CUSTOMER_OBJECT','GEO_LAT','ODS_GRS_NO','DBO','CUSTOMER_OBJECT','GEO_LAT','TRUE','TRUE','','FALSE','FLOAT');
Insert into DW.CONTROL.COLUMNDETAILS (SOURCESYSTEMID,STAGEDATABASENAME,STAGESCHEMANAME,STAGETABLENAME,STAGETABLECOLUMN,ODSDATABASENAME,ODSSCHEMANAME,ODSTABLENAME,ODSTABLECOLUMN,ACTIVEFLAG,ISPSEUDONYMISED,EXPRESSIONS,ISPKEY,DATATYP)  Values (1,'STG_GRS_NO','DBO','CUSTOMER_OBJECT','GEO_LONG','ODS_GRS_NO','DBO','CUSTOMER_OBJECT','GEO_LONG','TRUE','TRUE','','FALSE','FLOAT');
Insert into DW.CONTROL.COLUMNDETAILS (SOURCESYSTEMID,STAGEDATABASENAME,STAGESCHEMANAME,STAGETABLENAME,STAGETABLECOLUMN,ODSDATABASENAME,ODSSCHEMANAME,ODSTABLENAME,ODSTABLECOLUMN,ACTIVEFLAG,ISPSEUDONYMISED,EXPRESSIONS,ISPKEY,DATATYP)  Values (1,'STG_GRS_NO','DBO','XPROCESSED_BARCODES','LOGG_ID','ODS_GRS_NO','DBO','XPROCESSED_BARCODES','LOGG_ID','TRUE','FALSE','','FALSE','NUMBER');
Insert into DW.CONTROL.COLUMNDETAILS (SOURCESYSTEMID,STAGEDATABASENAME,STAGESCHEMANAME,STAGETABLENAME,STAGETABLECOLUMN,ODSDATABASENAME,ODSSCHEMANAME,ODSTABLENAME,ODSTABLECOLUMN,ACTIVEFLAG,ISPSEUDONYMISED,EXPRESSIONS,ISPKEY,DATATYP)  Values (1,'STG_GRS_NO','DBO','XPROCESSED_BARCODES','TRANS_ID','ODS_GRS_NO','DBO','XPROCESSED_BARCODES','TRANS_ID','TRUE','FALSE','','FALSE','NUMBER');
Insert into DW.CONTROL.COLUMNDETAILS (SOURCESYSTEMID,STAGEDATABASENAME,STAGESCHEMANAME,STAGETABLENAME,STAGETABLECOLUMN,ODSDATABASENAME,ODSSCHEMANAME,ODSTABLENAME,ODSTABLECOLUMN,ACTIVEFLAG,ISPSEUDONYMISED,EXPRESSIONS,ISPKEY,DATATYP)  Values (1,'STG_GRS_NO','DBO','XPROCESSED_BARCODES','SUB_ID','ODS_GRS_NO','DBO','XPROCESSED_BARCODES','SUB_ID','TRUE','FALSE','','FALSE','NUMBER');
Insert into DW.CONTROL.COLUMNDETAILS (SOURCESYSTEMID,STAGEDATABASENAME,STAGESCHEMANAME,STAGETABLENAME,STAGETABLECOLUMN,ODSDATABASENAME,ODSSCHEMANAME,ODSTABLENAME,ODSTABLECOLUMN,ACTIVEFLAG,ISPSEUDONYMISED,EXPRESSIONS,ISPKEY,DATATYP)  Values (1,'STG_GRS_NO','DBO','XPROCESSED_BARCODES','BARCODE_DATE','ODS_GRS_NO','DBO','XPROCESSED_BARCODES','BARCODE_DATE','TRUE','FALSE','','FALSE','TIMESTAMP');
Insert into DW.CONTROL.COLUMNDETAILS (SOURCESYSTEMID,STAGEDATABASENAME,STAGESCHEMANAME,STAGETABLENAME,STAGETABLECOLUMN,ODSDATABASENAME,ODSSCHEMANAME,ODSTABLENAME,ODSTABLECOLUMN,ACTIVEFLAG,ISPSEUDONYMISED,EXPRESSIONS,ISPKEY,DATATYP)  Values (1,'STG_GRS_NO','DBO','XPROCESSED_BARCODES','BARCODE_TIME','ODS_GRS_NO','DBO','XPROCESSED_BARCODES','BARCODE_TIME','TRUE','FALSE','','FALSE','TIMESTAMP');
Insert into DW.CONTROL.COLUMNDETAILS (SOURCESYSTEMID,STAGEDATABASENAME,STAGESCHEMANAME,STAGETABLENAME,STAGETABLECOLUMN,ODSDATABASENAME,ODSSCHEMANAME,ODSTABLENAME,ODSTABLECOLUMN,ACTIVEFLAG,ISPSEUDONYMISED,EXPRESSIONS,ISPKEY,DATATYP)  Values (1,'STG_GRS_NO','DBO','XPROCESSED_BARCODES','BARCODE_NO','ODS_GRS_NO','DBO','XPROCESSED_BARCODES','BARCODE_NO','TRUE','FALSE','','FALSE','VARCHAR');
Insert into DW.CONTROL.COLUMNDETAILS (SOURCESYSTEMID,STAGEDATABASENAME,STAGESCHEMANAME,STAGETABLENAME,STAGETABLECOLUMN,ODSDATABASENAME,ODSSCHEMANAME,ODSTABLENAME,ODSTABLECOLUMN,ACTIVEFLAG,ISPSEUDONYMISED,EXPRESSIONS,ISPKEY,DATATYP)  Values (1,'STG_GRS_NO','DBO','XPROCESSED_BARCODES','BARCODE_GROUP','ODS_GRS_NO','DBO','XPROCESSED_BARCODES','BARCODE_GROUP','TRUE','FALSE','','FALSE','NUMBER');
Insert into DW.CONTROL.COLUMNDETAILS (SOURCESYSTEMID,STAGEDATABASENAME,STAGESCHEMANAME,STAGETABLENAME,STAGETABLECOLUMN,ODSDATABASENAME,ODSSCHEMANAME,ODSTABLENAME,ODSTABLECOLUMN,ACTIVEFLAG,ISPSEUDONYMISED,EXPRESSIONS,ISPKEY,DATATYP)  Values (1,'STG_GRS_NO','DBO','XPROCESSED_BARCODES','BARCODE_TYPE','ODS_GRS_NO','DBO','XPROCESSED_BARCODES','BARCODE_TYPE','TRUE','FALSE','','FALSE','NUMBER');
Insert into DW.CONTROL.COLUMNDETAILS (SOURCESYSTEMID,STAGEDATABASENAME,STAGESCHEMANAME,STAGETABLENAME,STAGETABLECOLUMN,ODSDATABASENAME,ODSSCHEMANAME,ODSTABLENAME,ODSTABLECOLUMN,ACTIVEFLAG,ISPSEUDONYMISED,EXPRESSIONS,ISPKEY,DATATYP)  Values (1,'STG_GRS_NO','DBO','XPROCESSED_BARCODES','LOC_MARK_TYPE','ODS_GRS_NO','DBO','XPROCESSED_BARCODES','LOC_MARK_TYPE','TRUE','FALSE','','FALSE','NUMBER');
Insert into DW.CONTROL.COLUMNDETAILS (SOURCESYSTEMID,STAGEDATABASENAME,STAGESCHEMANAME,STAGETABLENAME,STAGETABLECOLUMN,ODSDATABASENAME,ODSSCHEMANAME,ODSTABLENAME,ODSTABLECOLUMN,ACTIVEFLAG,ISPSEUDONYMISED,EXPRESSIONS,ISPKEY,DATATYP)  Values (1,'STG_GRS_NO','DBO','XPROCESSED_BARCODES','REQUIRED','ODS_GRS_NO','DBO','XPROCESSED_BARCODES','REQUIRED','TRUE','FALSE','','FALSE','NUMBER');
Insert into DW.CONTROL.COLUMNDETAILS (SOURCESYSTEMID,STAGEDATABASENAME,STAGESCHEMANAME,STAGETABLENAME,STAGETABLECOLUMN,ODSDATABASENAME,ODSSCHEMANAME,ODSTABLENAME,ODSTABLECOLUMN,ACTIVEFLAG,ISPSEUDONYMISED,EXPRESSIONS,ISPKEY,DATATYP)  Values (1,'STG_GRS_NO','DBO','XPROCESSED_BARCODES','EMPLOYEE_ID','ODS_GRS_NO','DBO','XPROCESSED_BARCODES','EMPLOYEE_ID','TRUE','FALSE','','FALSE','NUMBER');
Insert into DW.CONTROL.COLUMNDETAILS (SOURCESYSTEMID,STAGEDATABASENAME,STAGESCHEMANAME,STAGETABLENAME,STAGETABLECOLUMN,ODSDATABASENAME,ODSSCHEMANAME,ODSTABLENAME,ODSTABLECOLUMN,ACTIVEFLAG,ISPSEUDONYMISED,EXPRESSIONS,ISPKEY,DATATYP)  Values (1,'STG_GRS_NO','DBO','XPROCESSED_BARCODES','GD_ID','ODS_GRS_NO','DBO','XPROCESSED_BARCODES','GD_ID','TRUE','FALSE','','FALSE','NUMBER');
Insert into DW.CONTROL.COLUMNDETAILS (SOURCESYSTEMID,STAGEDATABASENAME,STAGESCHEMANAME,STAGETABLENAME,STAGETABLECOLUMN,ODSDATABASENAME,ODSSCHEMANAME,ODSTABLENAME,ODSTABLECOLUMN,ACTIVEFLAG,ISPSEUDONYMISED,EXPRESSIONS,ISPKEY,DATATYP)  Values (1,'STG_GRS_NO','DBO','XPROCESSED_BARCODES','VALID_ASSOCIATION','ODS_GRS_NO','DBO','XPROCESSED_BARCODES','VALID_ASSOCIATION','TRUE','FALSE','','FALSE','NUMBER');
Insert into DW.CONTROL.COLUMNDETAILS (SOURCESYSTEMID,STAGEDATABASENAME,STAGESCHEMANAME,STAGETABLENAME,STAGETABLECOLUMN,ODSDATABASENAME,ODSSCHEMANAME,ODSTABLENAME,ODSTABLECOLUMN,ACTIVEFLAG,ISPSEUDONYMISED,EXPRESSIONS,ISPKEY,DATATYP)  Values (1,'STG_GRS_NO','DBO','XPROCESSED_BARCODES','COMMITMENT_ID','ODS_GRS_NO','DBO','XPROCESSED_BARCODES','COMMITMENT_ID','TRUE','FALSE','','FALSE','NUMBER');
Insert into DW.CONTROL.COLUMNDETAILS (SOURCESYSTEMID,STAGEDATABASENAME,STAGESCHEMANAME,STAGETABLENAME,STAGETABLECOLUMN,ODSDATABASENAME,ODSSCHEMANAME,ODSTABLENAME,ODSTABLECOLUMN,ACTIVEFLAG,ISPSEUDONYMISED,EXPRESSIONS,ISPKEY,DATATYP)  Values (1,'STG_GRS_NO','DBO','XPROCESSED_BARCODES','DAY_T_ID','ODS_GRS_NO','DBO','XPROCESSED_BARCODES','DAY_T_ID','TRUE','FALSE','','FALSE','NUMBER');
Insert into DW.CONTROL.COLUMNDETAILS (SOURCESYSTEMID,STAGEDATABASENAME,STAGESCHEMANAME,STAGETABLENAME,STAGETABLECOLUMN,ODSDATABASENAME,ODSSCHEMANAME,ODSTABLENAME,ODSTABLECOLUMN,ACTIVEFLAG,ISPSEUDONYMISED,EXPRESSIONS,ISPKEY,DATATYP)  Values (1,'STG_GRS_NO','DBO','XPROCESSED_BARCODES','VERSION_FROM','ODS_GRS_NO','DBO','XPROCESSED_BARCODES','VERSION_FROM','TRUE','FALSE','','FALSE','DATE');
Insert into DW.CONTROL.COLUMNDETAILS (SOURCESYSTEMID,STAGEDATABASENAME,STAGESCHEMANAME,STAGETABLENAME,STAGETABLECOLUMN,ODSDATABASENAME,ODSSCHEMANAME,ODSTABLENAME,ODSTABLECOLUMN,ACTIVEFLAG,ISPSEUDONYMISED,EXPRESSIONS,ISPKEY,DATATYP)  Values (1,'STG_GRS_NO','DBO','XPROCESSED_BARCODES','ASSIGNM_TIMEFROM','ODS_GRS_NO','DBO','XPROCESSED_BARCODES','ASSIGNM_TIMEFROM','TRUE','FALSE','','FALSE','DATE');
Insert into DW.CONTROL.COLUMNDETAILS (SOURCESYSTEMID,STAGEDATABASENAME,STAGESCHEMANAME,STAGETABLENAME,STAGETABLECOLUMN,ODSDATABASENAME,ODSSCHEMANAME,ODSTABLENAME,ODSTABLECOLUMN,ACTIVEFLAG,ISPSEUDONYMISED,EXPRESSIONS,ISPKEY,DATATYP)  Values (1,'STG_GRS_NO','DBO','XPROCESSED_BARCODES','CE_VALID_ASSOCIATION','ODS_GRS_NO','DBO','XPROCESSED_BARCODES','CE_VALID_ASSOCIATION','TRUE','FALSE','','FALSE','NUMBER');
Insert into DW.CONTROL.COLUMNDETAILS (SOURCESYSTEMID,STAGEDATABASENAME,STAGESCHEMANAME,STAGETABLENAME,STAGETABLECOLUMN,ODSDATABASENAME,ODSSCHEMANAME,ODSTABLENAME,ODSTABLECOLUMN,ACTIVEFLAG,ISPSEUDONYMISED,EXPRESSIONS,ISPKEY,DATATYP)  Values (1,'STG_GRS_NO','DBO','XPROCESSED_BARCODES','CE_COMMITMENT_ID','ODS_GRS_NO','DBO','XPROCESSED_BARCODES','CE_COMMITMENT_ID','TRUE','FALSE','','FALSE','NUMBER');
Insert into DW.CONTROL.COLUMNDETAILS (SOURCESYSTEMID,STAGEDATABASENAME,STAGESCHEMANAME,STAGETABLENAME,STAGETABLECOLUMN,ODSDATABASENAME,ODSSCHEMANAME,ODSTABLENAME,ODSTABLECOLUMN,ACTIVEFLAG,ISPSEUDONYMISED,EXPRESSIONS,ISPKEY,DATATYP)  Values (1,'STG_GRS_NO','DBO','XPROCESSED_BARCODES','CE_EXCEPTION','ODS_GRS_NO','DBO','XPROCESSED_BARCODES','CE_EXCEPTION','TRUE','FALSE','','FALSE','NUMBER');
Insert into DW.CONTROL.COLUMNDETAILS (SOURCESYSTEMID,STAGEDATABASENAME,STAGESCHEMANAME,STAGETABLENAME,STAGETABLECOLUMN,ODSDATABASENAME,ODSSCHEMANAME,ODSTABLENAME,ODSTABLECOLUMN,ACTIVEFLAG,ISPSEUDONYMISED,EXPRESSIONS,ISPKEY,DATATYP)  Values (1,'STG_GRS_NO','DBO','XPROCESSED_BARCODES','CE_DAY_T_ID','ODS_GRS_NO','DBO','XPROCESSED_BARCODES','CE_DAY_T_ID','TRUE','FALSE','','FALSE','NUMBER');
Insert into DW.CONTROL.COLUMNDETAILS (SOURCESYSTEMID,STAGEDATABASENAME,STAGESCHEMANAME,STAGETABLENAME,STAGETABLECOLUMN,ODSDATABASENAME,ODSSCHEMANAME,ODSTABLENAME,ODSTABLECOLUMN,ACTIVEFLAG,ISPSEUDONYMISED,EXPRESSIONS,ISPKEY,DATATYP)  Values (1,'STG_GRS_NO','DBO','XPROCESSED_BARCODES','CE_DATEFROM','ODS_GRS_NO','DBO','XPROCESSED_BARCODES','CE_DATEFROM','TRUE','FALSE','','FALSE','DATE');
Insert into DW.CONTROL.COLUMNDETAILS (SOURCESYSTEMID,STAGEDATABASENAME,STAGESCHEMANAME,STAGETABLENAME,STAGETABLECOLUMN,ODSDATABASENAME,ODSSCHEMANAME,ODSTABLENAME,ODSTABLECOLUMN,ACTIVEFLAG,ISPSEUDONYMISED,EXPRESSIONS,ISPKEY,DATATYP)  Values (1,'STG_GRS_NO','DBO','XPROCESSED_BARCODES','CE_TIMEFROM','ODS_GRS_NO','DBO','XPROCESSED_BARCODES','CE_TIMEFROM','TRUE','FALSE','','FALSE','DATE');
Insert into DW.CONTROL.COLUMNDETAILS (SOURCESYSTEMID,STAGEDATABASENAME,STAGESCHEMANAME,STAGETABLENAME,STAGETABLECOLUMN,ODSDATABASENAME,ODSSCHEMANAME,ODSTABLENAME,ODSTABLECOLUMN,ACTIVEFLAG,ISPSEUDONYMISED,EXPRESSIONS,ISPKEY,DATATYP)  Values (1,'STG_GRS_NO','DBO','XPROCESSED_BARCODES','REQ_CORRECTION_TYPE','ODS_GRS_NO','DBO','XPROCESSED_BARCODES','REQ_CORRECTION_TYPE','TRUE','FALSE','','FALSE','NUMBER');
Insert into DW.CONTROL.COLUMNDETAILS (SOURCESYSTEMID,STAGEDATABASENAME,STAGESCHEMANAME,STAGETABLENAME,STAGETABLECOLUMN,ODSDATABASENAME,ODSSCHEMANAME,ODSTABLENAME,ODSTABLECOLUMN,ACTIVEFLAG,ISPSEUDONYMISED,EXPRESSIONS,ISPKEY,DATATYP)  Values (1,'STG_GRS_NO','DBO','XPROCESSED_BARCODES','ERROR_FLAG','ODS_GRS_NO','DBO','XPROCESSED_BARCODES','ERROR_FLAG','TRUE','FALSE','','FALSE','NUMBER');
Insert into DW.CONTROL.COLUMNDETAILS (SOURCESYSTEMID,STAGEDATABASENAME,STAGESCHEMANAME,STAGETABLENAME,STAGETABLECOLUMN,ODSDATABASENAME,ODSSCHEMANAME,ODSTABLENAME,ODSTABLECOLUMN,ACTIVEFLAG,ISPSEUDONYMISED,EXPRESSIONS,ISPKEY,DATATYP)  Values (1,'STG_GRS_NO','DBO','XPROCESSED_BARCODES','NOTES','ODS_GRS_NO','DBO','XPROCESSED_BARCODES','NOTES','TRUE','TRUE','','FALSE','VARCHAR');
Insert into DW.CONTROL.COLUMNDETAILS (SOURCESYSTEMID,STAGEDATABASENAME,STAGESCHEMANAME,STAGETABLENAME,STAGETABLECOLUMN,ODSDATABASENAME,ODSSCHEMANAME,ODSTABLENAME,ODSTABLECOLUMN,ACTIVEFLAG,ISPSEUDONYMISED,EXPRESSIONS,ISPKEY,DATATYP)  Values (1,'STG_GRS_NO','DBO','XPROCESSED_BARCODES','ASSOCIATION_NORMAL','ODS_GRS_NO','DBO','XPROCESSED_BARCODES','ASSOCIATION_NORMAL','TRUE','FALSE','','FALSE','NUMBER');
Insert into DW.CONTROL.COLUMNDETAILS (SOURCESYSTEMID,STAGEDATABASENAME,STAGESCHEMANAME,STAGETABLENAME,STAGETABLECOLUMN,ODSDATABASENAME,ODSSCHEMANAME,ODSTABLENAME,ODSTABLECOLUMN,ACTIVEFLAG,ISPSEUDONYMISED,EXPRESSIONS,ISPKEY,DATATYP)  Values (1,'STG_GRS_NO','DBO','XPROCESSED_BARCODES','ASSOCIATION_CE','ODS_GRS_NO','DBO','XPROCESSED_BARCODES','ASSOCIATION_CE','TRUE','FALSE','','FALSE','NUMBER');
Insert into DW.CONTROL.COLUMNDETAILS (SOURCESYSTEMID,STAGEDATABASENAME,STAGESCHEMANAME,STAGETABLENAME,STAGETABLECOLUMN,ODSDATABASENAME,ODSSCHEMANAME,ODSTABLENAME,ODSTABLECOLUMN,ACTIVEFLAG,ISPSEUDONYMISED,EXPRESSIONS,ISPKEY,DATATYP)  Values (1,'STG_GRS_NO','DBO','XPROCESSED_BARCODES','LOCATION_MARK_ID','ODS_GRS_NO','DBO','XPROCESSED_BARCODES','LOCATION_MARK_ID','TRUE','FALSE','','FALSE','NUMBER');
Insert into DW.CONTROL.COLUMNDETAILS (SOURCESYSTEMID,STAGEDATABASENAME,STAGESCHEMANAME,STAGETABLENAME,STAGETABLECOLUMN,ODSDATABASENAME,ODSSCHEMANAME,ODSTABLENAME,ODSTABLECOLUMN,ACTIVEFLAG,ISPSEUDONYMISED,EXPRESSIONS,ISPKEY,DATATYP)  Values (1,'STG_GRS_NO','DBO','XPROCESSED_BARCODES','PROD_OBJ_ID','ODS_GRS_NO','DBO','XPROCESSED_BARCODES','PROD_OBJ_ID','TRUE','FALSE','','FALSE','NUMBER');
Insert into DW.CONTROL.COLUMNDETAILS (SOURCESYSTEMID,STAGEDATABASENAME,STAGESCHEMANAME,STAGETABLENAME,STAGETABLECOLUMN,ODSDATABASENAME,ODSSCHEMANAME,ODSTABLENAME,ODSTABLECOLUMN,ACTIVEFLAG,ISPSEUDONYMISED,EXPRESSIONS,ISPKEY,DATATYP)  Values (1,'STG_GRS_NO','DBO','XPROCESSED_BARCODES','LOC_OBJ_ID','ODS_GRS_NO','DBO','XPROCESSED_BARCODES','LOC_OBJ_ID','TRUE','FALSE','','FALSE','NUMBER');
Insert into DW.CONTROL.COLUMNDETAILS (SOURCESYSTEMID,STAGEDATABASENAME,STAGESCHEMANAME,STAGETABLENAME,STAGETABLECOLUMN,ODSDATABASENAME,ODSSCHEMANAME,ODSTABLENAME,ODSTABLECOLUMN,ACTIVEFLAG,ISPSEUDONYMISED,EXPRESSIONS,ISPKEY,DATATYP)  Values (1,'STG_GRS_NO','DBO','XPROCESSED_BARCODES','POSITION','ODS_GRS_NO','DBO','XPROCESSED_BARCODES','POSITION','TRUE','TRUE','','FALSE','VARCHAR');
Insert into DW.CONTROL.COLUMNDETAILS (SOURCESYSTEMID,STAGEDATABASENAME,STAGESCHEMANAME,STAGETABLENAME,STAGETABLECOLUMN,ODSDATABASENAME,ODSSCHEMANAME,ODSTABLENAME,ODSTABLECOLUMN,ACTIVEFLAG,ISPSEUDONYMISED,EXPRESSIONS,ISPKEY,DATATYP)  Values (1,'STG_GRS_NO','DBO','XPROCESSED_BARCODES','ACTION','ODS_GRS_NO','DBO','XPROCESSED_BARCODES','ACTION','TRUE','FALSE','','FALSE','VARCHAR');
Insert into DW.CONTROL.COLUMNDETAILS (SOURCESYSTEMID,STAGEDATABASENAME,STAGESCHEMANAME,STAGETABLENAME,STAGETABLECOLUMN,ODSDATABASENAME,ODSSCHEMANAME,ODSTABLENAME,ODSTABLECOLUMN,ACTIVEFLAG,ISPSEUDONYMISED,EXPRESSIONS,ISPKEY,DATATYP)  Values (1,'STG_GRS_NO','DBO','XPROCESSED_BARCODES','INSERT_DATE','ODS_GRS_NO','DBO','XPROCESSED_BARCODES','INSERT_DATE','TRUE','FALSE','','FALSE','TIMESTAMP');
Insert into DW.CONTROL.COLUMNDETAILS (SOURCESYSTEMID,STAGEDATABASENAME,STAGESCHEMANAME,STAGETABLENAME,STAGETABLECOLUMN,ODSDATABASENAME,ODSSCHEMANAME,ODSTABLENAME,ODSTABLECOLUMN,ACTIVEFLAG,ISPSEUDONYMISED,EXPRESSIONS,ISPKEY,DATATYP)  Values (1,'STG_GRS_NO','DBO','XPROCESSED_BARCODES','INSERT_USER','ODS_GRS_NO','DBO','XPROCESSED_BARCODES','INSERT_USER','TRUE','FALSE','','FALSE','VARCHAR');
Insert into DW.CONTROL.COLUMNDETAILS (SOURCESYSTEMID,STAGEDATABASENAME,STAGESCHEMANAME,STAGETABLENAME,STAGETABLECOLUMN,ODSDATABASENAME,ODSSCHEMANAME,ODSTABLENAME,ODSTABLECOLUMN,ACTIVEFLAG,ISPSEUDONYMISED,EXPRESSIONS,ISPKEY,DATATYP)  Values (1,'STG_GRS_NO','DBO','XPROCESSED_BARCODES','CHANGE_DATE','ODS_GRS_NO','DBO','XPROCESSED_BARCODES','CHANGE_DATE','TRUE','FALSE','','FALSE','TIMESTAMP');
Insert into DW.CONTROL.COLUMNDETAILS (SOURCESYSTEMID,STAGEDATABASENAME,STAGESCHEMANAME,STAGETABLENAME,STAGETABLECOLUMN,ODSDATABASENAME,ODSSCHEMANAME,ODSTABLENAME,ODSTABLECOLUMN,ACTIVEFLAG,ISPSEUDONYMISED,EXPRESSIONS,ISPKEY,DATATYP)  Values (1,'STG_GRS_NO','DBO','XPROCESSED_BARCODES','CHANGE_USER','ODS_GRS_NO','DBO','XPROCESSED_BARCODES','CHANGE_USER','TRUE','FALSE','','FALSE','VARCHAR');
Insert into DW.CONTROL.COLUMNDETAILS (SOURCESYSTEMID,STAGEDATABASENAME,STAGESCHEMANAME,STAGETABLENAME,STAGETABLECOLUMN,ODSDATABASENAME,ODSSCHEMANAME,ODSTABLENAME,ODSTABLECOLUMN,ACTIVEFLAG,ISPSEUDONYMISED,EXPRESSIONS,ISPKEY,DATATYP)  Values (1,'STG_GRS_NO','DBO','XPROCESSED_BARCODES','ROWID','ODS_GRS_NO','DBO','XPROCESSED_BARCODES','ROWID','TRUE','FALSE','','FALSE','TIMESTAMP');
Insert into DW.CONTROL.COLUMNDETAILS (SOURCESYSTEMID,STAGEDATABASENAME,STAGESCHEMANAME,STAGETABLENAME,STAGETABLECOLUMN,ODSDATABASENAME,ODSSCHEMANAME,ODSTABLENAME,ODSTABLECOLUMN,ACTIVEFLAG,ISPSEUDONYMISED,EXPRESSIONS,ISPKEY,DATATYP)  Values (1,'STG_GRS_NO','DBO','XPROCESSED_BARCODES','REPORT_NOTES','ODS_GRS_NO','DBO','XPROCESSED_BARCODES','REPORT_NOTES','TRUE','TRUE','','FALSE','VARCHAR');
Insert into DW.CONTROL.COLUMNDETAILS (SOURCESYSTEMID,STAGEDATABASENAME,STAGESCHEMANAME,STAGETABLENAME,STAGETABLECOLUMN,ODSDATABASENAME,ODSSCHEMANAME,ODSTABLENAME,ODSTABLECOLUMN,ACTIVEFLAG,ISPSEUDONYMISED,EXPRESSIONS,ISPKEY,DATATYP)  Values (1,'STG_GRS_NO','DBO','XPROCESSED_BARCODES','EMPLOYEE_NO','ODS_GRS_NO','DBO','XPROCESSED_BARCODES','EMPLOYEE_NO','TRUE','TRUE','','FALSE','VARCHAR');
Insert into DW.CONTROL.COLUMNDETAILS (SOURCESYSTEMID,STAGEDATABASENAME,STAGESCHEMANAME,STAGETABLENAME,STAGETABLECOLUMN,ODSDATABASENAME,ODSSCHEMANAME,ODSTABLENAME,ODSTABLECOLUMN,ACTIVEFLAG,ISPSEUDONYMISED,EXPRESSIONS,ISPKEY,DATATYP)  Values (1,'STG_GRS_NO','DBO','XPROCESSED_BARCODES','FIRSTNAME','ODS_GRS_NO','DBO','XPROCESSED_BARCODES','FIRSTNAME','TRUE','TRUE','','FALSE','VARCHAR');
Insert into DW.CONTROL.COLUMNDETAILS (SOURCESYSTEMID,STAGEDATABASENAME,STAGESCHEMANAME,STAGETABLENAME,STAGETABLECOLUMN,ODSDATABASENAME,ODSSCHEMANAME,ODSTABLENAME,ODSTABLECOLUMN,ACTIVEFLAG,ISPSEUDONYMISED,EXPRESSIONS,ISPKEY,DATATYP)  Values (1,'STG_GRS_NO','DBO','XPROCESSED_BARCODES','LASTNAME','ODS_GRS_NO','DBO','XPROCESSED_BARCODES','LASTNAME','TRUE','TRUE','','FALSE','VARCHAR');
Insert into DW.CONTROL.COLUMNDETAILS (SOURCESYSTEMID,STAGEDATABASENAME,STAGESCHEMANAME,STAGETABLENAME,STAGETABLECOLUMN,ODSDATABASENAME,ODSSCHEMANAME,ODSTABLENAME,ODSTABLECOLUMN,ACTIVEFLAG,ISPSEUDONYMISED,EXPRESSIONS,ISPKEY,DATATYP)  Values (1,'STG_GRS_NO','DBO','XPROCESSED_BARCODES','MULTIPLICATION_FACTOR','ODS_GRS_NO','DBO','XPROCESSED_BARCODES','MULTIPLICATION_FACTOR','TRUE','FALSE','','FALSE','NUMBER');
Insert into DW.CONTROL.COLUMNDETAILS (SOURCESYSTEMID,STAGEDATABASENAME,STAGESCHEMANAME,STAGETABLENAME,STAGETABLECOLUMN,ODSDATABASENAME,ODSSCHEMANAME,ODSTABLENAME,ODSTABLECOLUMN,ACTIVEFLAG,ISPSEUDONYMISED,EXPRESSIONS,ISPKEY,DATATYP)  Values (1,'STG_GRS_NO','DBO','XPROCESSED_BARCODES','TIME_CONSUMPTION','ODS_GRS_NO','DBO','XPROCESSED_BARCODES','TIME_CONSUMPTION','TRUE','FALSE','','FALSE','NUMBER');
Insert into DW.CONTROL.COLUMNDETAILS (SOURCESYSTEMID,STAGEDATABASENAME,STAGESCHEMANAME,STAGETABLENAME,STAGETABLECOLUMN,ODSDATABASENAME,ODSSCHEMANAME,ODSTABLENAME,ODSTABLECOLUMN,ACTIVEFLAG,ISPSEUDONYMISED,EXPRESSIONS,ISPKEY,DATATYP)  Values (1,'STG_GRS_NO','DBO','XPROCESSED_TRANSACTIONS','LOGG_ID','ODS_GRS_NO','DBO','XPROCESSED_TRANSACTIONS','LOGG_ID','TRUE','FALSE','','FALSE','NUMBER');
Insert into DW.CONTROL.COLUMNDETAILS (SOURCESYSTEMID,STAGEDATABASENAME,STAGESCHEMANAME,STAGETABLENAME,STAGETABLECOLUMN,ODSDATABASENAME,ODSSCHEMANAME,ODSTABLENAME,ODSTABLECOLUMN,ACTIVEFLAG,ISPSEUDONYMISED,EXPRESSIONS,ISPKEY,DATATYP)  Values (1,'STG_GRS_NO','DBO','XPROCESSED_TRANSACTIONS','TRANS_ID','ODS_GRS_NO','DBO','XPROCESSED_TRANSACTIONS','TRANS_ID','TRUE','FALSE','','FALSE','NUMBER');
Insert into DW.CONTROL.COLUMNDETAILS (SOURCESYSTEMID,STAGEDATABASENAME,STAGESCHEMANAME,STAGETABLENAME,STAGETABLECOLUMN,ODSDATABASENAME,ODSSCHEMANAME,ODSTABLENAME,ODSTABLECOLUMN,ACTIVEFLAG,ISPSEUDONYMISED,EXPRESSIONS,ISPKEY,DATATYP)  Values (1,'STG_GRS_NO','DBO','XPROCESSED_TRANSACTIONS','SUB_ID','ODS_GRS_NO','DBO','XPROCESSED_TRANSACTIONS','SUB_ID','TRUE','FALSE','','FALSE','NUMBER');
Insert into DW.CONTROL.COLUMNDETAILS (SOURCESYSTEMID,STAGEDATABASENAME,STAGESCHEMANAME,STAGETABLENAME,STAGETABLECOLUMN,ODSDATABASENAME,ODSSCHEMANAME,ODSTABLENAME,ODSTABLECOLUMN,ACTIVEFLAG,ISPSEUDONYMISED,EXPRESSIONS,ISPKEY,DATATYP)  Values (1,'STG_GRS_NO','DBO','XPROCESSED_TRANSACTIONS','BARCODE_DATE','ODS_GRS_NO','DBO','XPROCESSED_TRANSACTIONS','BARCODE_DATE','TRUE','FALSE','','FALSE','NUMBER');
Insert into DW.CONTROL.COLUMNDETAILS (SOURCESYSTEMID,STAGEDATABASENAME,STAGESCHEMANAME,STAGETABLENAME,STAGETABLECOLUMN,ODSDATABASENAME,ODSSCHEMANAME,ODSTABLENAME,ODSTABLECOLUMN,ACTIVEFLAG,ISPSEUDONYMISED,EXPRESSIONS,ISPKEY,DATATYP)  Values (1,'STG_GRS_NO','DBO','XPROCESSED_TRANSACTIONS','BARCODE_TIME','ODS_GRS_NO','DBO','XPROCESSED_TRANSACTIONS','BARCODE_TIME','TRUE','FALSE','','FALSE','NUMBER');
Insert into DW.CONTROL.COLUMNDETAILS (SOURCESYSTEMID,STAGEDATABASENAME,STAGESCHEMANAME,STAGETABLENAME,STAGETABLECOLUMN,ODSDATABASENAME,ODSSCHEMANAME,ODSTABLENAME,ODSTABLECOLUMN,ACTIVEFLAG,ISPSEUDONYMISED,EXPRESSIONS,ISPKEY,DATATYP)  Values (1,'STG_GRS_NO','DBO','XPROCESSED_TRANSACTIONS','BARCODE_NO','ODS_GRS_NO','DBO','XPROCESSED_TRANSACTIONS','BARCODE_NO','TRUE','FALSE','','FALSE','NUMBER');
Insert into DW.CONTROL.COLUMNDETAILS (SOURCESYSTEMID,STAGEDATABASENAME,STAGESCHEMANAME,STAGETABLENAME,STAGETABLECOLUMN,ODSDATABASENAME,ODSSCHEMANAME,ODSTABLENAME,ODSTABLECOLUMN,ACTIVEFLAG,ISPSEUDONYMISED,EXPRESSIONS,ISPKEY,DATATYP)  Values (1,'STG_GRS_NO','DBO','XPROCESSED_TRANSACTIONS','BARCODE_GROUP','ODS_GRS_NO','DBO','XPROCESSED_TRANSACTIONS','BARCODE_GROUP','TRUE','FALSE','','FALSE','NUMBER');
Insert into DW.CONTROL.COLUMNDETAILS (SOURCESYSTEMID,STAGEDATABASENAME,STAGESCHEMANAME,STAGETABLENAME,STAGETABLECOLUMN,ODSDATABASENAME,ODSSCHEMANAME,ODSTABLENAME,ODSTABLECOLUMN,ACTIVEFLAG,ISPSEUDONYMISED,EXPRESSIONS,ISPKEY,DATATYP)  Values (1,'STG_GRS_NO','DBO','XPROCESSED_TRANSACTIONS','BARCODE_TYPE','ODS_GRS_NO','DBO','XPROCESSED_TRANSACTIONS','BARCODE_TYPE','TRUE','FALSE','','FALSE','NUMBER');
Insert into DW.CONTROL.COLUMNDETAILS (SOURCESYSTEMID,STAGEDATABASENAME,STAGESCHEMANAME,STAGETABLENAME,STAGETABLECOLUMN,ODSDATABASENAME,ODSSCHEMANAME,ODSTABLENAME,ODSTABLECOLUMN,ACTIVEFLAG,ISPSEUDONYMISED,EXPRESSIONS,ISPKEY,DATATYP)  Values (1,'STG_GRS_NO','DBO','XPROCESSED_TRANSACTIONS','LOC_MARK_TYPE','ODS_GRS_NO','DBO','XPROCESSED_TRANSACTIONS','LOC_MARK_TYPE','TRUE','FALSE','','FALSE','NUMBER');
Insert into DW.CONTROL.COLUMNDETAILS (SOURCESYSTEMID,STAGEDATABASENAME,STAGESCHEMANAME,STAGETABLENAME,STAGETABLECOLUMN,ODSDATABASENAME,ODSSCHEMANAME,ODSTABLENAME,ODSTABLECOLUMN,ACTIVEFLAG,ISPSEUDONYMISED,EXPRESSIONS,ISPKEY,DATATYP)  Values (1,'STG_GRS_NO','DBO','XPROCESSED_TRANSACTIONS','REQUIRED','ODS_GRS_NO','DBO','XPROCESSED_TRANSACTIONS','REQUIRED','TRUE','FALSE','','FALSE','NUMBER');
Insert into DW.CONTROL.COLUMNDETAILS (SOURCESYSTEMID,STAGEDATABASENAME,STAGESCHEMANAME,STAGETABLENAME,STAGETABLECOLUMN,ODSDATABASENAME,ODSSCHEMANAME,ODSTABLENAME,ODSTABLECOLUMN,ACTIVEFLAG,ISPSEUDONYMISED,EXPRESSIONS,ISPKEY,DATATYP)  Values (1,'STG_GRS_NO','DBO','XPROCESSED_TRANSACTIONS','EMPLOYEE_ID','ODS_GRS_NO','DBO','XPROCESSED_TRANSACTIONS','EMPLOYEE_ID','TRUE','FALSE','','FALSE','NUMBER');
Insert into DW.CONTROL.COLUMNDETAILS (SOURCESYSTEMID,STAGEDATABASENAME,STAGESCHEMANAME,STAGETABLENAME,STAGETABLECOLUMN,ODSDATABASENAME,ODSSCHEMANAME,ODSTABLENAME,ODSTABLECOLUMN,ACTIVEFLAG,ISPSEUDONYMISED,EXPRESSIONS,ISPKEY,DATATYP)  Values (1,'STG_GRS_NO','DBO','XPROCESSED_TRANSACTIONS','GD_ID','ODS_GRS_NO','DBO','XPROCESSED_TRANSACTIONS','GD_ID','TRUE','FALSE','','FALSE','NUMBER');
Insert into DW.CONTROL.COLUMNDETAILS (SOURCESYSTEMID,STAGEDATABASENAME,STAGESCHEMANAME,STAGETABLENAME,STAGETABLECOLUMN,ODSDATABASENAME,ODSSCHEMANAME,ODSTABLENAME,ODSTABLECOLUMN,ACTIVEFLAG,ISPSEUDONYMISED,EXPRESSIONS,ISPKEY,DATATYP)  Values (1,'STG_GRS_NO','DBO','XPROCESSED_TRANSACTIONS','VALID_ASSOCIATION','ODS_GRS_NO','DBO','XPROCESSED_TRANSACTIONS','VALID_ASSOCIATION','TRUE','FALSE','','FALSE','NUMBER');
Insert into DW.CONTROL.COLUMNDETAILS (SOURCESYSTEMID,STAGEDATABASENAME,STAGESCHEMANAME,STAGETABLENAME,STAGETABLECOLUMN,ODSDATABASENAME,ODSSCHEMANAME,ODSTABLENAME,ODSTABLECOLUMN,ACTIVEFLAG,ISPSEUDONYMISED,EXPRESSIONS,ISPKEY,DATATYP)  Values (1,'STG_GRS_NO','DBO','XPROCESSED_TRANSACTIONS','COMMITMENT_ID','ODS_GRS_NO','DBO','XPROCESSED_TRANSACTIONS','COMMITMENT_ID','TRUE','FALSE','','FALSE','NUMBER');
Insert into DW.CONTROL.COLUMNDETAILS (SOURCESYSTEMID,STAGEDATABASENAME,STAGESCHEMANAME,STAGETABLENAME,STAGETABLECOLUMN,ODSDATABASENAME,ODSSCHEMANAME,ODSTABLENAME,ODSTABLECOLUMN,ACTIVEFLAG,ISPSEUDONYMISED,EXPRESSIONS,ISPKEY,DATATYP)  Values (1,'STG_GRS_NO','DBO','XPROCESSED_TRANSACTIONS','DAY_T_ID','ODS_GRS_NO','DBO','XPROCESSED_TRANSACTIONS','DAY_T_ID','TRUE','FALSE','','FALSE','NUMBER');
Insert into DW.CONTROL.COLUMNDETAILS (SOURCESYSTEMID,STAGEDATABASENAME,STAGESCHEMANAME,STAGETABLENAME,STAGETABLECOLUMN,ODSDATABASENAME,ODSSCHEMANAME,ODSTABLENAME,ODSTABLECOLUMN,ACTIVEFLAG,ISPSEUDONYMISED,EXPRESSIONS,ISPKEY,DATATYP)  Values (1,'STG_GRS_NO','DBO','XPROCESSED_TRANSACTIONS','VERSION_FROM','ODS_GRS_NO','DBO','XPROCESSED_TRANSACTIONS','VERSION_FROM','TRUE','FALSE','','FALSE','NUMBER');
Insert into DW.CONTROL.COLUMNDETAILS (SOURCESYSTEMID,STAGEDATABASENAME,STAGESCHEMANAME,STAGETABLENAME,STAGETABLECOLUMN,ODSDATABASENAME,ODSSCHEMANAME,ODSTABLENAME,ODSTABLECOLUMN,ACTIVEFLAG,ISPSEUDONYMISED,EXPRESSIONS,ISPKEY,DATATYP)  Values (1,'STG_GRS_NO','DBO','XPROCESSED_TRANSACTIONS','ASSIGNM_TIMEFROM','ODS_GRS_NO','DBO','XPROCESSED_TRANSACTIONS','ASSIGNM_TIMEFROM','TRUE','FALSE','','FALSE','NUMBER');
Insert into DW.CONTROL.COLUMNDETAILS (SOURCESYSTEMID,STAGEDATABASENAME,STAGESCHEMANAME,STAGETABLENAME,STAGETABLECOLUMN,ODSDATABASENAME,ODSSCHEMANAME,ODSTABLENAME,ODSTABLECOLUMN,ACTIVEFLAG,ISPSEUDONYMISED,EXPRESSIONS,ISPKEY,DATATYP)  Values (1,'STG_GRS_NO','DBO','XPROCESSED_TRANSACTIONS','CE_VALID_ASSOCIATION','ODS_GRS_NO','DBO','XPROCESSED_TRANSACTIONS','CE_VALID_ASSOCIATION','TRUE','FALSE','','FALSE','NUMBER');
Insert into DW.CONTROL.COLUMNDETAILS (SOURCESYSTEMID,STAGEDATABASENAME,STAGESCHEMANAME,STAGETABLENAME,STAGETABLECOLUMN,ODSDATABASENAME,ODSSCHEMANAME,ODSTABLENAME,ODSTABLECOLUMN,ACTIVEFLAG,ISPSEUDONYMISED,EXPRESSIONS,ISPKEY,DATATYP)  Values (1,'STG_GRS_NO','DBO','XPROCESSED_TRANSACTIONS','CE_COMMITMENT_ID','ODS_GRS_NO','DBO','XPROCESSED_TRANSACTIONS','CE_COMMITMENT_ID','TRUE','FALSE','','FALSE','NUMBER');
Insert into DW.CONTROL.COLUMNDETAILS (SOURCESYSTEMID,STAGEDATABASENAME,STAGESCHEMANAME,STAGETABLENAME,STAGETABLECOLUMN,ODSDATABASENAME,ODSSCHEMANAME,ODSTABLENAME,ODSTABLECOLUMN,ACTIVEFLAG,ISPSEUDONYMISED,EXPRESSIONS,ISPKEY,DATATYP)  Values (1,'STG_GRS_NO','DBO','XPROCESSED_TRANSACTIONS','CE_EXCEPTION','ODS_GRS_NO','DBO','XPROCESSED_TRANSACTIONS','CE_EXCEPTION','TRUE','FALSE','','FALSE','NUMBER');
Insert into DW.CONTROL.COLUMNDETAILS (SOURCESYSTEMID,STAGEDATABASENAME,STAGESCHEMANAME,STAGETABLENAME,STAGETABLECOLUMN,ODSDATABASENAME,ODSSCHEMANAME,ODSTABLENAME,ODSTABLECOLUMN,ACTIVEFLAG,ISPSEUDONYMISED,EXPRESSIONS,ISPKEY,DATATYP)  Values (1,'STG_GRS_NO','DBO','XPROCESSED_TRANSACTIONS','CE_DAY_T_ID','ODS_GRS_NO','DBO','XPROCESSED_TRANSACTIONS','CE_DAY_T_ID','TRUE','FALSE','','FALSE','NUMBER');
Insert into DW.CONTROL.COLUMNDETAILS (SOURCESYSTEMID,STAGEDATABASENAME,STAGESCHEMANAME,STAGETABLENAME,STAGETABLECOLUMN,ODSDATABASENAME,ODSSCHEMANAME,ODSTABLENAME,ODSTABLECOLUMN,ACTIVEFLAG,ISPSEUDONYMISED,EXPRESSIONS,ISPKEY,DATATYP)  Values (1,'STG_GRS_NO','DBO','XPROCESSED_TRANSACTIONS','CE_DATEFROM','ODS_GRS_NO','DBO','XPROCESSED_TRANSACTIONS','CE_DATEFROM','TRUE','FALSE','','FALSE','NUMBER');
Insert into DW.CONTROL.COLUMNDETAILS (SOURCESYSTEMID,STAGEDATABASENAME,STAGESCHEMANAME,STAGETABLENAME,STAGETABLECOLUMN,ODSDATABASENAME,ODSSCHEMANAME,ODSTABLENAME,ODSTABLECOLUMN,ACTIVEFLAG,ISPSEUDONYMISED,EXPRESSIONS,ISPKEY,DATATYP)  Values (1,'STG_GRS_NO','DBO','XPROCESSED_TRANSACTIONS','CE_TIMEFROM','ODS_GRS_NO','DBO','XPROCESSED_TRANSACTIONS','CE_TIMEFROM','TRUE','FALSE','','FALSE','NUMBER');
Insert into DW.CONTROL.COLUMNDETAILS (SOURCESYSTEMID,STAGEDATABASENAME,STAGESCHEMANAME,STAGETABLENAME,STAGETABLECOLUMN,ODSDATABASENAME,ODSSCHEMANAME,ODSTABLENAME,ODSTABLECOLUMN,ACTIVEFLAG,ISPSEUDONYMISED,EXPRESSIONS,ISPKEY,DATATYP)  Values (1,'STG_GRS_NO','DBO','XPROCESSED_TRANSACTIONS','REQ_CORRECTION_TYPE','ODS_GRS_NO','DBO','XPROCESSED_TRANSACTIONS','REQ_CORRECTION_TYPE','TRUE','FALSE','','FALSE','NUMBER');
Insert into DW.CONTROL.COLUMNDETAILS (SOURCESYSTEMID,STAGEDATABASENAME,STAGESCHEMANAME,STAGETABLENAME,STAGETABLECOLUMN,ODSDATABASENAME,ODSSCHEMANAME,ODSTABLENAME,ODSTABLECOLUMN,ACTIVEFLAG,ISPSEUDONYMISED,EXPRESSIONS,ISPKEY,DATATYP)  Values (1,'STG_GRS_NO','DBO','XPROCESSED_TRANSACTIONS','ERROR_FLAG','ODS_GRS_NO','DBO','XPROCESSED_TRANSACTIONS','ERROR_FLAG','TRUE','FALSE','','FALSE','NUMBER');
Insert into DW.CONTROL.COLUMNDETAILS (SOURCESYSTEMID,STAGEDATABASENAME,STAGESCHEMANAME,STAGETABLENAME,STAGETABLECOLUMN,ODSDATABASENAME,ODSSCHEMANAME,ODSTABLENAME,ODSTABLECOLUMN,ACTIVEFLAG,ISPSEUDONYMISED,EXPRESSIONS,ISPKEY,DATATYP)  Values (1,'STG_GRS_NO','DBO','XPROCESSED_TRANSACTIONS','NOTES','ODS_GRS_NO','DBO','XPROCESSED_TRANSACTIONS','NOTES','TRUE','TRUE','','FALSE','NUMBER');
Insert into DW.CONTROL.COLUMNDETAILS (SOURCESYSTEMID,STAGEDATABASENAME,STAGESCHEMANAME,STAGETABLENAME,STAGETABLECOLUMN,ODSDATABASENAME,ODSSCHEMANAME,ODSTABLENAME,ODSTABLECOLUMN,ACTIVEFLAG,ISPSEUDONYMISED,EXPRESSIONS,ISPKEY,DATATYP)  Values (1,'STG_GRS_NO','DBO','XPROCESSED_TRANSACTIONS','ASSOCIATION_NORMAL','ODS_GRS_NO','DBO','XPROCESSED_TRANSACTIONS','ASSOCIATION_NORMAL','TRUE','FALSE','','FALSE','NUMBER');
Insert into DW.CONTROL.COLUMNDETAILS (SOURCESYSTEMID,STAGEDATABASENAME,STAGESCHEMANAME,STAGETABLENAME,STAGETABLECOLUMN,ODSDATABASENAME,ODSSCHEMANAME,ODSTABLENAME,ODSTABLECOLUMN,ACTIVEFLAG,ISPSEUDONYMISED,EXPRESSIONS,ISPKEY,DATATYP)  Values (1,'STG_GRS_NO','DBO','XPROCESSED_TRANSACTIONS','ASSOCIATION_CE','ODS_GRS_NO','DBO','XPROCESSED_TRANSACTIONS','ASSOCIATION_CE','TRUE','FALSE','','FALSE','NUMBER');
Insert into DW.CONTROL.COLUMNDETAILS (SOURCESYSTEMID,STAGEDATABASENAME,STAGESCHEMANAME,STAGETABLENAME,STAGETABLECOLUMN,ODSDATABASENAME,ODSSCHEMANAME,ODSTABLENAME,ODSTABLECOLUMN,ACTIVEFLAG,ISPSEUDONYMISED,EXPRESSIONS,ISPKEY,DATATYP)  Values (1,'STG_GRS_NO','DBO','XPROCESSED_TRANSACTIONS','LOCATION_MARK_ID','ODS_GRS_NO','DBO','XPROCESSED_TRANSACTIONS','LOCATION_MARK_ID','TRUE','FALSE','','FALSE','NUMBER');
Insert into DW.CONTROL.COLUMNDETAILS (SOURCESYSTEMID,STAGEDATABASENAME,STAGESCHEMANAME,STAGETABLENAME,STAGETABLECOLUMN,ODSDATABASENAME,ODSSCHEMANAME,ODSTABLENAME,ODSTABLECOLUMN,ACTIVEFLAG,ISPSEUDONYMISED,EXPRESSIONS,ISPKEY,DATATYP)  Values (1,'STG_GRS_NO','DBO','XPROCESSED_TRANSACTIONS','PROD_OBJ_ID','ODS_GRS_NO','DBO','XPROCESSED_TRANSACTIONS','PROD_OBJ_ID','TRUE','FALSE','','FALSE','NUMBER');
Insert into DW.CONTROL.COLUMNDETAILS (SOURCESYSTEMID,STAGEDATABASENAME,STAGESCHEMANAME,STAGETABLENAME,STAGETABLECOLUMN,ODSDATABASENAME,ODSSCHEMANAME,ODSTABLENAME,ODSTABLECOLUMN,ACTIVEFLAG,ISPSEUDONYMISED,EXPRESSIONS,ISPKEY,DATATYP)  Values (1,'STG_GRS_NO','DBO','XPROCESSED_TRANSACTIONS','LOC_OBJ_ID','ODS_GRS_NO','DBO','XPROCESSED_TRANSACTIONS','LOC_OBJ_ID','TRUE','FALSE','','FALSE','NUMBER');
Insert into DW.CONTROL.COLUMNDETAILS (SOURCESYSTEMID,STAGEDATABASENAME,STAGESCHEMANAME,STAGETABLENAME,STAGETABLECOLUMN,ODSDATABASENAME,ODSSCHEMANAME,ODSTABLENAME,ODSTABLECOLUMN,ACTIVEFLAG,ISPSEUDONYMISED,EXPRESSIONS,ISPKEY,DATATYP)  Values (1,'STG_GRS_NO','DBO','XPROCESSED_TRANSACTIONS','POSITION','ODS_GRS_NO','DBO','XPROCESSED_TRANSACTIONS','POSITION','TRUE','TRUE','','FALSE','NUMBER');
Insert into DW.CONTROL.COLUMNDETAILS (SOURCESYSTEMID,STAGEDATABASENAME,STAGESCHEMANAME,STAGETABLENAME,STAGETABLECOLUMN,ODSDATABASENAME,ODSSCHEMANAME,ODSTABLENAME,ODSTABLECOLUMN,ACTIVEFLAG,ISPSEUDONYMISED,EXPRESSIONS,ISPKEY,DATATYP)  Values (1,'STG_GRS_NO','DBO','XPROCESSED_TRANSACTIONS','ACTION','ODS_GRS_NO','DBO','XPROCESSED_TRANSACTIONS','ACTION','TRUE','FALSE','','FALSE','NUMBER');
Insert into DW.CONTROL.COLUMNDETAILS (SOURCESYSTEMID,STAGEDATABASENAME,STAGESCHEMANAME,STAGETABLENAME,STAGETABLECOLUMN,ODSDATABASENAME,ODSSCHEMANAME,ODSTABLENAME,ODSTABLECOLUMN,ACTIVEFLAG,ISPSEUDONYMISED,EXPRESSIONS,ISPKEY,DATATYP)  Values (1,'STG_GRS_NO','DBO','XPROCESSED_TRANSACTIONS','INSERT_DATE','ODS_GRS_NO','DBO','XPROCESSED_TRANSACTIONS','INSERT_DATE','TRUE','FALSE','','FALSE','NUMBER');
Insert into DW.CONTROL.COLUMNDETAILS (SOURCESYSTEMID,STAGEDATABASENAME,STAGESCHEMANAME,STAGETABLENAME,STAGETABLECOLUMN,ODSDATABASENAME,ODSSCHEMANAME,ODSTABLENAME,ODSTABLECOLUMN,ACTIVEFLAG,ISPSEUDONYMISED,EXPRESSIONS,ISPKEY,DATATYP)  Values (1,'STG_GRS_NO','DBO','XPROCESSED_TRANSACTIONS','INSERT_USER','ODS_GRS_NO','DBO','XPROCESSED_TRANSACTIONS','INSERT_USER','TRUE','FALSE','','FALSE','NUMBER');
Insert into DW.CONTROL.COLUMNDETAILS (SOURCESYSTEMID,STAGEDATABASENAME,STAGESCHEMANAME,STAGETABLENAME,STAGETABLECOLUMN,ODSDATABASENAME,ODSSCHEMANAME,ODSTABLENAME,ODSTABLECOLUMN,ACTIVEFLAG,ISPSEUDONYMISED,EXPRESSIONS,ISPKEY,DATATYP)  Values (1,'STG_GRS_NO','DBO','XPROCESSED_TRANSACTIONS','CHANGE_DATE','ODS_GRS_NO','DBO','XPROCESSED_TRANSACTIONS','CHANGE_DATE','TRUE','FALSE','','FALSE','NUMBER');
Insert into DW.CONTROL.COLUMNDETAILS (SOURCESYSTEMID,STAGEDATABASENAME,STAGESCHEMANAME,STAGETABLENAME,STAGETABLECOLUMN,ODSDATABASENAME,ODSSCHEMANAME,ODSTABLENAME,ODSTABLECOLUMN,ACTIVEFLAG,ISPSEUDONYMISED,EXPRESSIONS,ISPKEY,DATATYP)  Values (1,'STG_GRS_NO','DBO','XPROCESSED_TRANSACTIONS','CHANGE_USER','ODS_GRS_NO','DBO','XPROCESSED_TRANSACTIONS','CHANGE_USER','TRUE','FALSE','','FALSE','NUMBER');
Insert into DW.CONTROL.COLUMNDETAILS (SOURCESYSTEMID,STAGEDATABASENAME,STAGESCHEMANAME,STAGETABLENAME,STAGETABLECOLUMN,ODSDATABASENAME,ODSSCHEMANAME,ODSTABLENAME,ODSTABLECOLUMN,ACTIVEFLAG,ISPSEUDONYMISED,EXPRESSIONS,ISPKEY,DATATYP)  Values (1,'STG_GRS_NO','DBO','XPROCESSED_TRANSACTIONS','ROWID','ODS_GRS_NO','DBO','XPROCESSED_TRANSACTIONS','ROWID','TRUE','FALSE','','FALSE','NUMBER');
Insert into DW.CONTROL.COLUMNDETAILS (SOURCESYSTEMID,STAGEDATABASENAME,STAGESCHEMANAME,STAGETABLENAME,STAGETABLECOLUMN,ODSDATABASENAME,ODSSCHEMANAME,ODSTABLENAME,ODSTABLECOLUMN,ACTIVEFLAG,ISPSEUDONYMISED,EXPRESSIONS,ISPKEY,DATATYP)  Values (1,'STG_GRS_NO','DBO','XPROCESSED_TRANSACTIONS','REPORT_NOTES','ODS_GRS_NO','DBO','XPROCESSED_TRANSACTIONS','REPORT_NOTES','TRUE','TRUE','','FALSE','NUMBER');
Insert into DW.CONTROL.COLUMNDETAILS (SOURCESYSTEMID,STAGEDATABASENAME,STAGESCHEMANAME,STAGETABLENAME,STAGETABLECOLUMN,ODSDATABASENAME,ODSSCHEMANAME,ODSTABLENAME,ODSTABLECOLUMN,ACTIVEFLAG,ISPSEUDONYMISED,EXPRESSIONS,ISPKEY,DATATYP)  Values (1,'STG_GRS_NO','DBO','XPROCESSED_TRANSACTIONS','EMPLOYEE_NO','ODS_GRS_NO','DBO','XPROCESSED_TRANSACTIONS','EMPLOYEE_NO','TRUE','FALSE','','FALSE','NUMBER');
Insert into DW.CONTROL.COLUMNDETAILS (SOURCESYSTEMID,STAGEDATABASENAME,STAGESCHEMANAME,STAGETABLENAME,STAGETABLECOLUMN,ODSDATABASENAME,ODSSCHEMANAME,ODSTABLENAME,ODSTABLECOLUMN,ACTIVEFLAG,ISPSEUDONYMISED,EXPRESSIONS,ISPKEY,DATATYP)  Values (1,'STG_GRS_NO','DBO','XPROCESSED_TRANSACTIONS','FIRSTNAME','ODS_GRS_NO','DBO','XPROCESSED_TRANSACTIONS','FIRSTNAME','TRUE','TRUE','','FALSE','NUMBER');
Insert into DW.CONTROL.COLUMNDETAILS (SOURCESYSTEMID,STAGEDATABASENAME,STAGESCHEMANAME,STAGETABLENAME,STAGETABLECOLUMN,ODSDATABASENAME,ODSSCHEMANAME,ODSTABLENAME,ODSTABLECOLUMN,ACTIVEFLAG,ISPSEUDONYMISED,EXPRESSIONS,ISPKEY,DATATYP)  Values (1,'STG_GRS_NO','DBO','XPROCESSED_TRANSACTIONS','LASTNAME','ODS_GRS_NO','DBO','XPROCESSED_TRANSACTIONS','LASTNAME','TRUE','TRUE','','FALSE','NUMBER');
Insert into DW.CONTROL.COLUMNDETAILS (SOURCESYSTEMID,STAGEDATABASENAME,STAGESCHEMANAME,STAGETABLENAME,STAGETABLECOLUMN,ODSDATABASENAME,ODSSCHEMANAME,ODSTABLENAME,ODSTABLECOLUMN,ACTIVEFLAG,ISPSEUDONYMISED,EXPRESSIONS,ISPKEY,DATATYP)  Values (1,'STG_GRS_NO','DBO','XPROCESSED_TRANSACTIONS','MULTIPLICATION_FACTOR','ODS_GRS_NO','DBO','XPROCESSED_TRANSACTIONS','MULTIPLICATION_FACTOR','TRUE','FALSE','','FALSE','NUMBER');
Insert into DW.CONTROL.COLUMNDETAILS (SOURCESYSTEMID,STAGEDATABASENAME,STAGESCHEMANAME,STAGETABLENAME,STAGETABLECOLUMN,ODSDATABASENAME,ODSSCHEMANAME,ODSTABLENAME,ODSTABLECOLUMN,ACTIVEFLAG,ISPSEUDONYMISED,EXPRESSIONS,ISPKEY,DATATYP)  Values (1,'STG_GRS_NO','DBO','XPROCESSED_TRANSACTIONS','TIME_CONSUMPTION','ODS_GRS_NO','DBO','XPROCESSED_TRANSACTIONS','TIME_CONSUMPTION','TRUE','FALSE','','FALSE','NUMBER');
Insert into DW.CONTROL.COLUMNDETAILS (SOURCESYSTEMID,STAGEDATABASENAME,STAGESCHEMANAME,STAGETABLENAME,STAGETABLECOLUMN,ODSDATABASENAME,ODSSCHEMANAME,ODSTABLENAME,ODSTABLECOLUMN,ACTIVEFLAG,ISPSEUDONYMISED,EXPRESSIONS,ISPKEY,DATATYP)  Values (1,'STG_GRS_NO','DBO','XREPORT_MARK','REPORT_MARK_ID','ODS_GRS_NO','DBO','XREPORT_MARK','REPORT_MARK_ID','TRUE','FALSE','','FALSE','NUMBER');
Insert into DW.CONTROL.COLUMNDETAILS (SOURCESYSTEMID,STAGEDATABASENAME,STAGESCHEMANAME,STAGETABLENAME,STAGETABLECOLUMN,ODSDATABASENAME,ODSSCHEMANAME,ODSTABLENAME,ODSTABLECOLUMN,ACTIVEFLAG,ISPSEUDONYMISED,EXPRESSIONS,ISPKEY,DATATYP)  Values (1,'STG_GRS_NO','DBO','XREPORT_MARK','REP_MARK_TYPE_ID','ODS_GRS_NO','DBO','XREPORT_MARK','REP_MARK_TYPE_ID','TRUE','FALSE','','FALSE','NUMBER');
Insert into DW.CONTROL.COLUMNDETAILS (SOURCESYSTEMID,STAGEDATABASENAME,STAGESCHEMANAME,STAGETABLENAME,STAGETABLECOLUMN,ODSDATABASENAME,ODSSCHEMANAME,ODSTABLENAME,ODSTABLECOLUMN,ACTIVEFLAG,ISPSEUDONYMISED,EXPRESSIONS,ISPKEY,DATATYP)  Values (1,'STG_GRS_NO','DBO','XREPORT_MARK','BARCODE','ODS_GRS_NO','DBO','XREPORT_MARK','BARCODE','TRUE','FALSE','','FALSE','VARCHAR');
Insert into DW.CONTROL.COLUMNDETAILS (SOURCESYSTEMID,STAGEDATABASENAME,STAGESCHEMANAME,STAGETABLENAME,STAGETABLECOLUMN,ODSDATABASENAME,ODSSCHEMANAME,ODSTABLENAME,ODSTABLECOLUMN,ACTIVEFLAG,ISPSEUDONYMISED,EXPRESSIONS,ISPKEY,DATATYP)  Values (1,'STG_GRS_NO','DBO','XREPORT_MARK','REPORT_LABEL','ODS_GRS_NO','DBO','XREPORT_MARK','REPORT_LABEL','TRUE','FALSE','','FALSE','VARCHAR');
Insert into DW.CONTROL.COLUMNDETAILS (SOURCESYSTEMID,STAGEDATABASENAME,STAGESCHEMANAME,STAGETABLENAME,STAGETABLECOLUMN,ODSDATABASENAME,ODSSCHEMANAME,ODSTABLENAME,ODSTABLECOLUMN,ACTIVEFLAG,ISPSEUDONYMISED,EXPRESSIONS,ISPKEY,DATATYP)  Values (1,'STG_GRS_NO','DBO','XREPORT_MARK','ACTIVITY_CODE','ODS_GRS_NO','DBO','XREPORT_MARK','ACTIVITY_CODE','TRUE','FALSE','','FALSE','VARCHAR');
Insert into DW.CONTROL.COLUMNDETAILS (SOURCESYSTEMID,STAGEDATABASENAME,STAGESCHEMANAME,STAGETABLENAME,STAGETABLECOLUMN,ODSDATABASENAME,ODSSCHEMANAME,ODSTABLENAME,ODSTABLECOLUMN,ACTIVEFLAG,ISPSEUDONYMISED,EXPRESSIONS,ISPKEY,DATATYP)  Values (1,'STG_GRS_NO','DBO','XREPORT_MARK','TIMELIMIT_CODE','ODS_GRS_NO','DBO','XREPORT_MARK','TIMELIMIT_CODE','TRUE','FALSE','','FALSE','VARCHAR');
Insert into DW.CONTROL.COLUMNDETAILS (SOURCESYSTEMID,STAGEDATABASENAME,STAGESCHEMANAME,STAGETABLENAME,STAGETABLECOLUMN,ODSDATABASENAME,ODSSCHEMANAME,ODSTABLENAME,ODSTABLECOLUMN,ACTIVEFLAG,ISPSEUDONYMISED,EXPRESSIONS,ISPKEY,DATATYP)  Values (1,'STG_GRS_NO','DBO','XREPORT_MARK','INSERT_DATE','ODS_GRS_NO','DBO','XREPORT_MARK','INSERT_DATE','TRUE','FALSE','','FALSE','TIMESTAMP');
Insert into DW.CONTROL.COLUMNDETAILS (SOURCESYSTEMID,STAGEDATABASENAME,STAGESCHEMANAME,STAGETABLENAME,STAGETABLECOLUMN,ODSDATABASENAME,ODSSCHEMANAME,ODSTABLENAME,ODSTABLECOLUMN,ACTIVEFLAG,ISPSEUDONYMISED,EXPRESSIONS,ISPKEY,DATATYP)  Values (1,'STG_GRS_NO','DBO','XREPORT_MARK','INSERT_USER','ODS_GRS_NO','DBO','XREPORT_MARK','INSERT_USER','TRUE','FALSE','','FALSE','VARCHAR');
Insert into DW.CONTROL.COLUMNDETAILS (SOURCESYSTEMID,STAGEDATABASENAME,STAGESCHEMANAME,STAGETABLENAME,STAGETABLECOLUMN,ODSDATABASENAME,ODSSCHEMANAME,ODSTABLENAME,ODSTABLECOLUMN,ACTIVEFLAG,ISPSEUDONYMISED,EXPRESSIONS,ISPKEY,DATATYP)  Values (1,'STG_GRS_NO','DBO','XREPORT_MARK','CHANGE_DATE','ODS_GRS_NO','DBO','XREPORT_MARK','CHANGE_DATE','TRUE','FALSE','','FALSE','TIMESTAMP');
Insert into DW.CONTROL.COLUMNDETAILS (SOURCESYSTEMID,STAGEDATABASENAME,STAGESCHEMANAME,STAGETABLENAME,STAGETABLECOLUMN,ODSDATABASENAME,ODSSCHEMANAME,ODSTABLENAME,ODSTABLECOLUMN,ACTIVEFLAG,ISPSEUDONYMISED,EXPRESSIONS,ISPKEY,DATATYP)  Values (1,'STG_GRS_NO','DBO','XREPORT_MARK','CHANGE_USER','ODS_GRS_NO','DBO','XREPORT_MARK','CHANGE_USER','TRUE','FALSE','','FALSE','VARCHAR');
Insert into DW.CONTROL.COLUMNDETAILS (SOURCESYSTEMID,STAGEDATABASENAME,STAGESCHEMANAME,STAGETABLENAME,STAGETABLECOLUMN,ODSDATABASENAME,ODSSCHEMANAME,ODSTABLENAME,ODSTABLECOLUMN,ACTIVEFLAG,ISPSEUDONYMISED,EXPRESSIONS,ISPKEY,DATATYP)  Values (1,'STG_GRS_NO','DBO','XREPORT_MARK','ROWID','ODS_GRS_NO','DBO','XREPORT_MARK','ROWID','TRUE','FALSE','','FALSE','TIMESTAMP');
Insert into DW.CONTROL.COLUMNDETAILS (SOURCESYSTEMID,STAGEDATABASENAME,STAGESCHEMANAME,STAGETABLENAME,STAGETABLECOLUMN,ODSDATABASENAME,ODSSCHEMANAME,ODSTABLENAME,ODSTABLECOLUMN,ACTIVEFLAG,ISPSEUDONYMISED,EXPRESSIONS,ISPKEY,DATATYP)  Values (1,'STG_GRS_NO','DBO','XREPORT_MARK','report_mark_version','ODS_GRS_NO','DBO','XREPORT_MARK','REPORT_MARK_VERSION','TRUE','FALSE','','FALSE','NUMBER');
Insert into DW.CONTROL.COLUMNDETAILS (SOURCESYSTEMID,STAGEDATABASENAME,STAGESCHEMANAME,STAGETABLENAME,STAGETABLECOLUMN,ODSDATABASENAME,ODSSCHEMANAME,ODSTABLENAME,ODSTABLECOLUMN,ACTIVEFLAG,ISPSEUDONYMISED,EXPRESSIONS,ISPKEY,DATATYP)  Values (1,'STG_GRS_NO','DBO','XREPORT_MARK','RISK_LEVEL','ODS_GRS_NO','DBO','XREPORT_MARK','RISK_LEVEL','TRUE','FALSE','','FALSE','NUMBER');
Insert into DW.CONTROL.COLUMNDETAILS (SOURCESYSTEMID,STAGEDATABASENAME,STAGESCHEMANAME,STAGETABLENAME,STAGETABLECOLUMN,ODSDATABASENAME,ODSSCHEMANAME,ODSTABLENAME,ODSTABLECOLUMN,ACTIVEFLAG,ISPSEUDONYMISED,EXPRESSIONS,ISPKEY,DATATYP)  Values (1,'STG_GRS_NO','DBO','XREPORT_MARK','SYSTEM','ODS_GRS_NO','DBO','XREPORT_MARK','SYSTEM','TRUE','FALSE','','FALSE','NUMBER');
Insert into DW.CONTROL.COLUMNDETAILS (SOURCESYSTEMID,STAGEDATABASENAME,STAGESCHEMANAME,STAGETABLENAME,STAGETABLECOLUMN,ODSDATABASENAME,ODSSCHEMANAME,ODSTABLENAME,ODSTABLECOLUMN,ACTIVEFLAG,ISPSEUDONYMISED,EXPRESSIONS,ISPKEY,DATATYP)  Values (1,'STG_GRS_NO','DBO','XREPORT_MARK','REPORT_FOLDER_LABEL','ODS_GRS_NO','DBO','XREPORT_MARK','REPORT_FOLDER_LABEL','TRUE','FALSE','','FALSE','VARCHAR');
Insert into DW.CONTROL.COLUMNDETAILS (SOURCESYSTEMID,STAGEDATABASENAME,STAGESCHEMANAME,STAGETABLENAME,STAGETABLECOLUMN,ODSDATABASENAME,ODSSCHEMANAME,ODSTABLENAME,ODSTABLECOLUMN,ACTIVEFLAG,ISPSEUDONYMISED,EXPRESSIONS,ISPKEY,DATATYP)  Values (1,'STG_GRS_NO','DBO','XREPORT_MARK','STATISTICS_MEMBER','ODS_GRS_NO','DBO','XREPORT_MARK','STATISTICS_MEMBER','TRUE','FALSE','','FALSE','NUMBER');
Insert into DW.CONTROL.COLUMNDETAILS (SOURCESYSTEMID,STAGEDATABASENAME,STAGESCHEMANAME,STAGETABLENAME,STAGETABLECOLUMN,ODSDATABASENAME,ODSSCHEMANAME,ODSTABLENAME,ODSTABLECOLUMN,ACTIVEFLAG,ISPSEUDONYMISED,EXPRESSIONS,ISPKEY,DATATYP)  Values (1,'STG_GRS_NO','DBO','XREPORT_MARK','CODE','ODS_GRS_NO','DBO','XREPORT_MARK','CODE','TRUE','FALSE','','FALSE','VARCHAR');
Insert into DW.CONTROL.COLUMNDETAILS (SOURCESYSTEMID,STAGEDATABASENAME,STAGESCHEMANAME,STAGETABLENAME,STAGETABLECOLUMN,ODSDATABASENAME,ODSSCHEMANAME,ODSTABLENAME,ODSTABLECOLUMN,ACTIVEFLAG,ISPSEUDONYMISED,EXPRESSIONS,ISPKEY,DATATYP)  Values (1,'STG_GRS_NO','DBO','XREPORT_MARK','report_label_2','ODS_GRS_NO','DBO','XREPORT_MARK','REPORT_LABEL_2','TRUE','FALSE','','FALSE','VARCHAR');
Insert into DW.CONTROL.COLUMNDETAILS (SOURCESYSTEMID,STAGEDATABASENAME,STAGESCHEMANAME,STAGETABLENAME,STAGETABLECOLUMN,ODSDATABASENAME,ODSSCHEMANAME,ODSTABLENAME,ODSTABLECOLUMN,ACTIVEFLAG,ISPSEUDONYMISED,EXPRESSIONS,ISPKEY,DATATYP)  Values (1,'STG_GRS_NO','DBO','XREPORT_MARK','REPORT_MARK_SET_ONLY','ODS_GRS_NO','DBO','XREPORT_MARK','REPORT_MARK_SET_ONLY','TRUE','FALSE','','FALSE','NUMBER');
Insert into DW.CONTROL.COLUMNDETAILS (SOURCESYSTEMID,STAGEDATABASENAME,STAGESCHEMANAME,STAGETABLENAME,STAGETABLECOLUMN,ODSDATABASENAME,ODSSCHEMANAME,ODSTABLENAME,ODSTABLECOLUMN,ACTIVEFLAG,ISPSEUDONYMISED,EXPRESSIONS,ISPKEY,DATATYP)  Values (1,'STG_GRS_NO','DBO','XREPORT_MARK','SBA','ODS_GRS_NO','DBO','XREPORT_MARK','SBA','TRUE','FALSE','','FALSE','NUMBER');
Insert into DW.CONTROL.COLUMNDETAILS (SOURCESYSTEMID,STAGEDATABASENAME,STAGESCHEMANAME,STAGETABLENAME,STAGETABLECOLUMN,ODSDATABASENAME,ODSSCHEMANAME,ODSTABLENAME,ODSTABLECOLUMN,ACTIVEFLAG,ISPSEUDONYMISED,EXPRESSIONS,ISPKEY,DATATYP)  Values (1,'STG_GRS_NO','DBO','XREPORT_MARK','culture_id','ODS_GRS_NO','DBO','XREPORT_MARK','CULTURE_ID','TRUE','FALSE','','FALSE','NUMBER');


TRUNCATE TABLE DW.KEY.KEYMAP;

 
INSERT INTO DW.KEY.KEYMAP (KEYMAP_ID,PARENT_KEYMAP_ID,SRC_SYSTEM_ID,TABLE_CATALOG,TABLE_SCHEMA,TABLE_NAME,COLUMN_NAME_LIST,KEY_PRECEDENCE,DW_SEQUENCE_NAME,DW_KEY_NAME,DW_TABLE_NAME,DW_COLUMN_NAME,DW_SRC_SYSTEM_ID,NOTES,FILTER_CRITERIA,DW_CREATEDBY,DW_MODIFIEDBY

)  SELECT 1,NULL,1,'ODS_GRS_NO','DBO','CUSTOMER',ARRAY_CONSTRUCT(TO_VARCHAR('CUSTOMER_ID')),NULL,'DW.KEY.SEQ_CLIENT_ID','DW.KEY.CLIENT','DW.BASE.CLIENT','CLIENT_ID',1,NULL,NULL,'SNADW_LOADER','SNADW_LOADER';

COMMIT;



